Route Number,Route Direction,Stops,City Name,Date,Stop Time 1,Stop Time 2,Stop Time 3,Stop Time 4,Stop Time 5,Stop Time 6,Stop Time 7,Stop Time 8,Stop Time 9,Stop Time 10,Stop Time 11,Stop Time 12,Stop Time 13,Stop Time 14,Stop Time 15,Stop Time 16,Stop Time 17,Stop Time 18,Stop Time 19,Stop Time 20,Stop Time 21,Stop Time 22,Stop Time 23,Stop Time 24,Stop Time 25,Stop Time 26,Stop Time 27,Stop Time 28,Stop Time 29,Stop Time 30,Stop Time 31,Stop Time 32,Stop Time 33,Stop Time 34,Stop Time 35,Stop Time 36,Stop Time 37,Stop Time 38,Stop Time 39,Stop Time 40,Stop Time 41,Stop Time 42,Stop Time 43,Stop Time 44,Stop Time 45,Stop Time 46,Stop Time 47,Stop Time 48,Stop Time 49,Stop Time 50,Stop Time 51,Stop Time 52,Stop Time 53,Stop Time 54,Stop Time 55,Stop Time 56,Stop Time 57,Stop Time 58,Stop Time 59,Stop Time 60,Stop Time 61,Stop Time 62,Stop Time 63,Stop Time 64,Stop Time 65,Stop Time 66,Stop Time 67,Stop Time 68,Stop Time 69,Stop Time 70,Stop Time 71,Stop Time 72,Stop Time 73,Stop Time 74,Stop Time 75,Stop Time 76,Stop Time 77,Stop Time 78,Stop Island,Time_Count,Stops - City Name - Stop Island,Longitude_Final,Latitude_Final,Bus_Stop_ID,Next_Bus_Stop_ID,Bus_Stop_Next_Bus_Stop,Bus_Terminal
301,Victoria - Vapur,Mizzi,"Ir-Rabat, Ghawdex",Saturday,05:05,05:30,06:00,06:15,07:01,07:16,07:46,08:31,09:01,09:31,10:01,10:16,11:01,11:16,11:31,12:16,13:01,13:45,14:00,14:30,15:00,15:15,15:30,16:00,16:15,16:30,17:00,17:30,18:00,18:15,18:30,19:00,19:30,19:45,20:00,20:30,21:15,22:00,22:45,23:30,,,,,,,,,,,,,,,,,,,,,,,,,,,,,,,,,,,,,,,GOZO STOP,40,"Mizzi - Ir-Rabat, Ghawdex - GOZO STOP",14.2439091,36.0438589,Stop_1139,Stop_1140,Stop_1139_to_Stop_1140,0
301,Victoria - Vapur,Fortunato,"Ir-Rabat, Ghawdex",Saturday,05:06,05:31,06:01,06:16,07:01,07:16,07:46,08:31,09:01,09:31,10:01,10:16,11:01,11:16,11:31,12:16,13:01,13:46,14:01,14:31,15:01,15:16,15:31,16:01,16:16,16:31,17:01,17:31,18:01,18:16,18:31,19:01,19:31,19:46,20:01,20:31,21:16,22:01,22:46,23:31,,,,,,,,,,,,,,,,,,,,,,,,,,,,,,,,,,,,,,,GOZO STOP,40,"Fortunato - Ir-Rabat, Ghawdex - GOZO STOP",14.2451467,36.0437356,Stop_1140,Stop_1141,Stop_1140_to_Stop_1141,0
301,Victoria - Vapur,Viani,"Ir-Rabat, Ghawdex",Saturday,05:06,05:31,06:01,06:16,07:02,07:17,07:47,08:32,09:02,09:32,10:02,10:17,11:02,11:17,11:32,12:17,13:02,13:46,14:01,14:31,15:01,15:16,15:31,16:01,16:16,16:31,17:01,17:31,18:01,18:16,18:31,19:01,19:31,19:46,20:01,20:31,21:16,22:01,22:46,23:31,,,,,,,,,,,,,,,,,,,,,,,,,,,,,,,,,,,,,,,GOZO STOP,40,"Viani - Ir-Rabat, Ghawdex - GOZO STOP",14.2480078,36.043239,Stop_1141,Stop_1142,Stop_1141_to_Stop_1142,0
301,Victoria - Vapur,Biccerija,"Ir-Rabat, Ghawdex",Saturday,05:08,05:33,06:03,06:18,07:04,07:19,07:49,08:34,09:04,09:34,10:04,10:19,11:04,11:19,11:34,12:19,13:04,13:48,14:03,14:33,15:03,15:18,15:33,16:03,16:18,16:33,17:03,17:33,18:03,18:18,18:33,19:03,19:33,19:48,20:03,20:33,21:18,22:03,22:48,23:33,,,,,,,,,,,,,,,,,,,,,,,,,,,,,,,,,,,,,,,GOZO STOP,40,"Biccerija - Ir-Rabat, Ghawdex - GOZO STOP",14.2531072,36.0393049,Stop_1142,Stop_1143,Stop_1142_to_Stop_1143,0
301,Victoria - Vapur,Xewkija,Ix-Xewkija,Saturday,05:08,05:33,06:03,06:18,07:04,07:19,07:49,08:34,09:04,09:34,10:04,10:19,11:04,11:19,11:34,12:19,13:04,13:49,14:04,14:34,15:04,15:19,15:34,16:04,16:19,16:34,17:04,17:34,18:04,18:19,18:34,19:04,19:34,19:49,20:04,20:34,21:19,22:04,22:49,23:34,,,,,,,,,,,,,,,,,,,,,,,,,,,,,,,,,,,,,,,GOZO STOP,40,Xewkija - Ix-Xewkija - GOZO STOP,14.2559557,36.0378442,Stop_1143,Stop_1144,Stop_1143_to_Stop_1144,0
301,Victoria - Vapur,Industrijali,Ix-Xewkija,Saturday,05:09,05:34,06:04,06:19,07:06,07:21,07:51,08:36,09:06,09:36,10:06,10:21,11:06,11:21,11:36,12:21,13:06,13:50,14:05,14:35,15:05,15:20,15:35,16:05,16:20,16:35,17:05,17:35,18:05,18:20,18:35,19:05,19:35,19:50,20:05,20:35,21:20,22:05,22:50,23:35,,,,,,,,,,,,,,,,,,,,,,,,,,,,,,,,,,,,,,,GOZO STOP,40,Industrijali - Ix-Xewkija - GOZO STOP,14.2600313,36.0363964,Stop_1144,Stop_1145,Stop_1144_to_Stop_1145,0
301,Victoria - Vapur,Indipendenza,Ix-Xewkija,Saturday,05:10,05:35,06:05,06:20,07:06,07:21,07:51,08:36,09:06,09:36,10:06,10:21,11:06,11:21,11:36,12:21,13:06,13:50,14:05,14:35,15:05,15:20,15:35,16:05,16:20,16:35,17:05,17:35,18:05,18:20,18:35,19:05,19:35,19:50,20:05,20:35,21:20,22:05,22:50,23:35,,,,,,,,,,,,,,,,,,,,,,,,,,,,,,,,,,,,,,,GOZO STOP,40,Indipendenza - Ix-Xewkija - GOZO STOP,14.2604054,36.0343005,Stop_1145,Stop_1146,Stop_1145_to_Stop_1146,0
301,Victoria - Vapur,Universita,Ix-Xewkija,Saturday,05:11,05:36,06:06,06:21,07:07,07:22,07:52,08:37,09:07,09:37,10:07,10:22,11:07,11:22,11:37,12:22,13:07,13:51,14:06,14:36,15:06,15:21,15:36,16:06,16:21,16:36,17:06,17:36,18:06,18:21,18:36,19:06,19:36,19:51,20:06,20:36,21:21,22:06,22:51,23:36,,,,,,,,,,,,,,,,,,,,,,,,,,,,,,,,,,,,,,,GOZO STOP,40,Universita - Ix-Xewkija - GOZO STOP,14.2636631,36.034212,Stop_1146,Stop_1147,Stop_1146_to_Stop_1147,0
301,Victoria - Vapur,Hniena,Ix-Xewkija,Saturday,05:11,05:36,06:06,06:21,07:08,07:23,07:53,08:38,09:08,09:38,10:08,10:23,11:08,11:23,11:38,12:23,13:08,13:52,14:07,14:37,15:07,15:22,15:37,16:07,16:22,16:37,17:07,17:37,18:07,18:22,18:37,19:07,19:37,19:52,20:07,20:37,21:22,22:07,22:52,23:37,,,,,,,,,,,,,,,,,,,,,,,,,,,,,,,,,,,,,,,GOZO STOP,40,Hniena - Ix-Xewkija - GOZO STOP,14.2685788,36.0325569,Stop_1147,Stop_1148,Stop_1147_to_Stop_1148,0
301,Victoria - Vapur,Cilja,Ghajnsielem,Saturday,05:13,05:38,06:08,06:23,07:10,07:25,07:55,08:40,09:10,09:40,10:10,10:25,11:10,11:25,11:40,12:25,13:10,13:54,14:09,14:39,15:09,15:24,15:39,16:09,16:24,16:39,17:09,17:39,18:09,18:24,18:39,19:09,19:39,19:54,20:09,20:39,21:24,22:09,22:54,23:39,,,,,,,,,,,,,,,,,,,,,,,,,,,,,,,,,,,,,,,GOZO STOP,40,Cilja - Ghajnsielem - GOZO STOP,14.2758812,36.0292664,Stop_1148,Stop_1149,Stop_1148_to_Stop_1149,0
301,Victoria - Vapur,Lelluxa,Ghajnsielem,Saturday,05:14,05:39,06:09,06:24,07:12,07:27,07:57,08:42,09:12,09:42,10:12,10:27,11:12,11:27,11:42,12:27,13:12,13:55,14:10,14:40,15:10,15:25,15:40,16:10,16:25,16:40,17:10,17:40,18:10,18:25,18:40,19:10,19:40,19:55,20:10,20:40,21:25,22:10,22:55,23:40,,,,,,,,,,,,,,,,,,,,,,,,,,,,,,,,,,,,,,,GOZO STOP,40,Lelluxa - Ghajnsielem - GOZO STOP,14.2798691,36.0286182,Stop_1149,Stop_1150,Stop_1149_to_Stop_1150,0
301,Victoria - Vapur,Cordina,Ghajnsielem,Saturday,05:15,05:40,06:10,06:25,07:14,07:29,07:59,08:44,09:14,09:44,10:14,10:29,11:14,11:29,11:44,12:29,13:14,13:56,14:11,14:41,15:11,15:26,15:41,16:11,16:26,16:41,17:11,17:41,18:11,18:26,18:41,19:11,19:41,19:56,20:11,20:41,21:26,22:11,22:56,23:41,,,,,,,,,,,,,,,,,,,,,,,,,,,,,,,,,,,,,,,GOZO STOP,40,Cordina - Ghajnsielem - GOZO STOP,14.2870176,36.0249392,Stop_1150,Stop_1151,Stop_1150_to_Stop_1151,0
301,Victoria - Vapur,Chambray,Ghajnsielem,Saturday,05:16,05:41,06:11,06:26,07:15,07:30,08:00,08:45,09:15,09:45,10:15,10:30,11:15,11:30,11:45,12:30,13:15,13:57,14:12,14:42,15:12,15:27,15:42,16:12,16:27,16:42,17:12,17:42,18:12,18:27,18:42,19:12,19:42,19:57,20:12,20:42,21:27,22:12,22:57,23:42,,,,,,,,,,,,,,,,,,,,,,,,,,,,,,,,,,,,,,,GOZO STOP,40,Chambray - Ghajnsielem - GOZO STOP,14.2901846,36.0238279,Stop_1151,Stop_1152,Stop_1151_to_Stop_1152,0
301,Victoria - Vapur,Mgarr,"L-Imgarr, Ghawdex",Saturday,05:17,05:42,06:12,06:27,07:16,07:31,08:01,08:46,09:16,09:46,10:16,10:31,11:16,11:31,11:46,12:31,13:16,13:58,14:13,14:43,15:13,15:28,15:43,16:13,16:28,16:43,17:13,17:43,18:13,18:28,18:43,19:13,19:43,19:58,20:13,20:43,21:28,22:13,22:58,23:43,,,,,,,,,,,,,,,,,,,,,,,,,,,,,,,,,,,,,,,GOZO STOP,40,"Mgarr - L-Imgarr, Ghawdex - GOZO STOP",14.2949427,36.0257103,Stop_1152,Stop_1153,Stop_1152_to_Stop_1153,0
301,Vapur - Victoria,Heliport,Ghajnsielem,Saturday,05:36,06:01,06:26,07:16,07:46,07:53,08:16,09:01,09:46,09:58,10:31,10:58,11:28,11:48,12:08,12:46,13:31,14:13,14:38,15:08,15:46,15:58,16:13,16:31,17:13,17:16,18:01,18:13,18:46,18:53,19:29,19:31,19:51,20:14,20:36,20:59,21:44,22:29,23:06,23:51,,,,,,,,,,,,,,,,,,,,,,,,,,,,,,,,,,,,,,,GOZO STOP,40,Heliport - Ghajnsielem - GOZO STOP,14.2727453,36.0300123,Stop_1154,Stop_1147,Stop_1154_to_Stop_1147,0
301,Vapur - Victoria,Barmil,Ix-Xewkija,Saturday,05:38,06:03,06:28,07:18,07:48,07:55,08:18,09:03,09:48,10:00,10:33,11:00,11:30,11:50,12:10,12:48,13:33,14:15,14:40,15:10,15:48,16:00,16:15,16:33,17:15,17:18,18:03,18:15,18:48,18:55,19:31,19:33,19:53,20:16,20:38,21:01,21:46,22:31,23:08,23:53,,,,,,,,,,,,,,,,,,,,,,,,,,,,,,,,,,,,,,,GOZO STOP,40,Barmil - Ix-Xewkija - GOZO STOP,14.2662567,36.033234,Stop_1155,Stop_1146,Stop_1155_to_Stop_1146,0
301,Vapur - Victoria,Bicceria,"Ir-Rabat, Ghawdex",Saturday,05:42,06:07,06:32,07:22,07:52,07:59,08:22,09:07,09:52,10:04,10:37,11:04,11:34,11:54,12:14,12:52,13:37,14:19,14:44,15:14,15:52,16:04,16:19,16:37,17:19,17:22,18:07,18:19,18:52,18:59,19:35,19:37,19:57,20:20,20:42,21:05,21:50,22:35,23:12,23:57,,,,,,,,,,,,,,,,,,,,,,,,,,,,,,,,,,,,,,,GOZO STOP,40,"Bicceria - Ir-Rabat, Ghawdex - GOZO STOP",14.2521811,36.0396239,Stop_1156,Stop_1157,Stop_1156_to_Stop_1157,0
301,Vapur - Victoria,Ghonq,"Ir-Rabat, Ghawdex",Saturday,05:42,06:07,06:32,07:23,07:53,08:00,08:23,09:08,09:53,10:05,10:38,11:05,11:35,11:55,12:15,12:53,13:38,14:20,14:45,15:15,15:53,16:05,16:20,16:38,17:20,17:23,18:08,18:20,18:53,19:00,19:35,19:37,19:57,20:20,20:42,21:05,21:50,22:35,23:12,23:57,,,,,,,,,,,,,,,,,,,,,,,,,,,,,,,,,,,,,,,GOZO STOP,40,"Ghonq - Ir-Rabat, Ghawdex - GOZO STOP",14.2492568,36.0420615,Stop_1157,Stop_1158,Stop_1157_to_Stop_1158,0
301,Vapur - Victoria,Borg,"Ir-Rabat, Ghawdex",Saturday,05:43,06:08,06:33,07:24,07:54,08:01,08:24,09:09,09:54,10:06,10:39,11:06,11:36,11:56,12:16,12:54,13:39,14:21,14:46,15:16,15:54,16:06,16:21,16:39,17:21,17:24,18:09,18:21,18:54,19:01,19:36,19:38,19:58,20:21,20:43,21:06,21:51,22:36,23:13,23:58,,,,,,,,,,,,,,,,,,,,,,,,,,,,,,,,,,,,,,,GOZO STOP,40,"Borg - Ir-Rabat, Ghawdex - GOZO STOP",14.2465098,36.0418423,Stop_1158,Stop_1159,Stop_1158_to_Stop_1159,0
302,Victoria - Ramla,Spiteri,"Ir-Rabat, Ghawdex",Saturday,06:07,07:07,08:07,09:07,10:07,11:07,12:07,13:07,14:07,15:07,16:07,17:07,18:07,19:07,20:06,21:06,22:06,,,,,,,,,,,,,,,,,,,,,,,,,,,,,,,,,,,,,,,,,,,,,,,,,,,,,,,,,,,,,,GOZO STOP,17,"Spiteri - Ir-Rabat, Ghawdex - GOZO STOP",14.2438951,36.0396802,Stop_1162,Stop_1163,Stop_1162_to_Stop_1163,0
302,Victoria - Ramla,Sptar,"Ir-Rabat, Ghawdex",Saturday,06:07,07:07,08:07,09:07,10:07,11:07,12:07,13:07,14:07,15:07,16:07,17:07,18:07,19:07,20:07,21:07,22:07,,,,,,,,,,,,,,,,,,,,,,,,,,,,,,,,,,,,,,,,,,,,,,,,,,,,,,,,,,,,,,GOZO STOP,17,"Sptar - Ir-Rabat, Ghawdex - GOZO STOP",14.244284,36.0385719,Stop_1163,Stop_1164,Stop_1163_to_Stop_1164,0
302,Victoria - Ramla,Canga,"Ir-Rabat, Ghawdex",Saturday,06:09,07:09,08:09,09:09,10:09,11:09,12:09,13:09,14:09,15:09,16:09,17:09,18:09,19:09,20:08,21:08,22:08,,,,,,,,,,,,,,,,,,,,,,,,,,,,,,,,,,,,,,,,,,,,,,,,,,,,,,,,,,,,,,GOZO STOP,17,"Canga - Ir-Rabat, Ghawdex - GOZO STOP",14.2497908,36.0341545,Stop_1164,Stop_1165,Stop_1164_to_Stop_1165,0
302,Victoria - Ramla,Hamrija,Ix-Xewkija,Saturday,06:10,07:10,08:10,09:10,10:10,11:10,12:10,13:10,14:10,15:10,16:10,17:10,18:10,19:10,20:09,21:09,22:09,,,,,,,,,,,,,,,,,,,,,,,,,,,,,,,,,,,,,,,,,,,,,,,,,,,,,,,,,,,,,,GOZO STOP,17,Hamrija - Ix-Xewkija - GOZO STOP,14.2525006,36.0345214,Stop_1165,Stop_1166,Stop_1165_to_Stop_1166,0
302,Victoria - Ramla,MCAST G,Ix-Xewkija,Saturday,06:11,07:11,08:11,09:11,10:11,11:11,12:11,13:11,14:11,15:11,16:11,17:11,18:11,19:11,20:10,21:10,22:10,,,,,,,,,,,,,,,,,,,,,,,,,,,,,,,,,,,,,,,,,,,,,,,,,,,,,,,,,,,,,,GOZO STOP,17,MCAST G - Ix-Xewkija - GOZO STOP,14.2567658,36.0339233,Stop_1166,Stop_1167,Stop_1166_to_Stop_1167,0
302,Victoria - Ramla,Elizabetta,Ix-Xewkija,Saturday,06:12,07:12,08:12,09:12,10:12,11:12,12:12,13:12,14:12,15:12,16:12,17:12,18:12,19:12,20:10,21:10,22:10,,,,,,,,,,,,,,,,,,,,,,,,,,,,,,,,,,,,,,,,,,,,,,,,,,,,,,,,,,,,,,GOZO STOP,17,Elizabetta - Ix-Xewkija - GOZO STOP,14.2591193,36.0354573,Stop_1167,Stop_1144,Stop_1167_to_Stop_1144,0
302,Victoria - Ramla,Maria,Ix-Xewkija,Saturday,06:12,07:12,08:12,09:12,10:12,11:12,12:12,13:12,14:12,15:12,16:12,17:12,18:12,19:12,20:11,21:11,22:11,,,,,,,,,,,,,,,,,,,,,,,,,,,,,,,,,,,,,,,,,,,,,,,,,,,,,,,,,,,,,,GOZO STOP,17,Maria - Ix-Xewkija - GOZO STOP,14.2614712,36.0373645,Stop_1168,Stop_1169,Stop_1168_to_Stop_1169,0
302,Victoria - Ramla,Naghla,Ix-Xewkija,Saturday,06:14,07:14,08:14,09:14,10:14,11:14,12:14,13:14,14:14,15:14,16:14,17:14,18:14,19:14,20:12,21:12,22:12,,,,,,,,,,,,,,,,,,,,,,,,,,,,,,,,,,,,,,,,,,,,,,,,,,,,,,,,,,,,,,GOZO STOP,17,Naghla - Ix-Xewkija - GOZO STOP,14.2659241,36.0382747,Stop_1169,Stop_1170,Stop_1169_to_Stop_1170,0
302,Victoria - Ramla,Racetrack,Ix-Xewkija,Saturday,06:14,07:14,08:14,09:14,10:14,11:14,12:14,13:14,14:14,15:14,16:14,17:14,18:14,19:14,20:13,21:13,22:13,,,,,,,,,,,,,,,,,,,,,,,,,,,,,,,,,,,,,,,,,,,,,,,,,,,,,,,,,,,,,,GOZO STOP,17,Racetrack - Ix-Xewkija - GOZO STOP,14.2690167,36.0373117,Stop_1170,Stop_1171,Stop_1170_to_Stop_1171,0
302,Victoria - Ramla,Xhajma,In-Nadur,Saturday,06:16,07:16,08:16,09:16,10:16,11:16,12:16,13:16,14:16,15:16,16:16,17:16,18:16,19:16,20:14,21:14,22:14,,,,,,,,,,,,,,,,,,,,,,,,,,,,,,,,,,,,,,,,,,,,,,,,,,,,,,,,,,,,,,GOZO STOP,17,Xhajma - In-Nadur - GOZO STOP,14.2773959,36.036314,Stop_1171,Stop_1172,Stop_1171_to_Stop_1172,0
302,Victoria - Ramla,Suter,In-Nadur,Saturday,06:20,07:20,08:20,09:20,10:20,11:20,12:20,13:20,14:20,15:20,16:20,17:20,18:20,19:20,20:17,21:17,22:17,,,,,,,,,,,,,,,,,,,,,,,,,,,,,,,,,,,,,,,,,,,,,,,,,,,,,,,,,,,,,,GOZO STOP,17,Suter - In-Nadur - GOZO STOP,14.286164,36.0379885,Stop_1172,Stop_1173,Stop_1172_to_Stop_1173,0
302,Victoria - Ramla,Bir,In-Nadur,Saturday,06:20,07:20,08:20,09:20,10:20,11:20,12:20,13:20,14:20,15:20,16:20,17:20,18:20,19:20,20:17,21:17,22:17,,,,,,,,,,,,,,,,,,,,,,,,,,,,,,,,,,,,,,,,,,,,,,,,,,,,,,,,,,,,,,GOZO STOP,17,Bir - In-Nadur - GOZO STOP,14.2882843,36.0401718,Stop_1173,Stop_1174,Stop_1173_to_Stop_1174,0
302,Victoria - Ramla,Hanaq,In-Nadur,Saturday,06:21,07:21,08:21,09:21,10:21,11:21,12:21,13:21,14:21,15:21,16:21,17:21,18:21,19:21,20:18,21:18,22:18,,,,,,,,,,,,,,,,,,,,,,,,,,,,,,,,,,,,,,,,,,,,,,,,,,,,,,,,,,,,,,GOZO STOP,17,Hanaq - In-Nadur - GOZO STOP,14.2900237,36.0431503,Stop_1174,Stop_1175,Stop_1174_to_Stop_1175,0
302,Victoria - Ramla,Caraffa,In-Nadur,Saturday,06:22,07:22,08:22,09:22,10:22,11:22,12:22,13:22,14:22,15:22,16:22,17:22,18:22,19:22,20:19,21:19,22:19,,,,,,,,,,,,,,,,,,,,,,,,,,,,,,,,,,,,,,,,,,,,,,,,,,,,,,,,,,,,,,GOZO STOP,17,Caraffa - In-Nadur - GOZO STOP,14.2917173,36.0452544,Stop_1175,Stop_1176,Stop_1175_to_Stop_1176,0
302,Victoria - Ramla,Hali,In-Nadur,Saturday,06:23,07:23,08:23,09:23,10:23,11:23,12:23,13:23,14:23,15:23,16:23,17:23,18:23,19:23,20:19,21:19,22:19,,,,,,,,,,,,,,,,,,,,,,,,,,,,,,,,,,,,,,,,,,,,,,,,,,,,,,,,,,,,,,GOZO STOP,17,Hali - In-Nadur - GOZO STOP,14.2921016,36.0466653,Stop_1176,Stop_1177,Stop_1176_to_Stop_1177,0
302,Victoria - Ramla,Qasab,In-Nadur,Saturday,06:24,07:24,08:24,09:24,10:24,11:24,12:24,13:24,14:24,15:24,16:24,17:24,18:24,19:24,20:21,21:21,22:21,,,,,,,,,,,,,,,,,,,,,,,,,,,,,,,,,,,,,,,,,,,,,,,,,,,,,,,,,,,,,,GOZO STOP,17,Qasab - In-Nadur - GOZO STOP,14.2910062,36.0520488,Stop_1177,Stop_1178,Stop_1177_to_Stop_1178,0
302,Ramla - Victoria,Marija,Ix-Xewkija,Saturday,06:47,07:47,08:47,09:47,10:47,11:47,12:47,13:47,14:47,15:47,16:47,17:47,18:47,19:47,20:47,21:47,22:47,,,,,,,,,,,,,,,,,,,,,,,,,,,,,,,,,,,,,,,,,,,,,,,,,,,,,,,,,,,,,,GOZO STOP,17,Marija - Ix-Xewkija - GOZO STOP,14.2615333,36.0372532,Stop_1179,Stop_1180,Stop_1179_to_Stop_1180,0
302,Ramla - Victoria,Mithna,Ix-Xewkija,Saturday,06:48,07:48,08:48,09:48,10:48,11:48,12:48,13:48,14:48,15:48,16:48,17:48,18:48,19:48,20:48,21:48,22:48,,,,,,,,,,,,,,,,,,,,,,,,,,,,,,,,,,,,,,,,,,,,,,,,,,,,,,,,,,,,,,GOZO STOP,17,Mithna - Ix-Xewkija - GOZO STOP,14.2598834,36.0346338,Stop_1180,Stop_1166,Stop_1180_to_Stop_1166,0
302,Ramla - Victoria,Gonna,"Ir-Rabat, Ghawdex",Saturday,06:52,07:52,08:52,09:52,10:52,11:52,12:52,13:52,14:52,15:52,16:52,17:52,18:52,19:52,20:52,21:52,22:52,,,,,,,,,,,,,,,,,,,,,,,,,,,,,,,,,,,,,,,,,,,,,,,,,,,,,,,,,,,,,,GOZO STOP,17,"Gonna - Ir-Rabat, Ghawdex - GOZO STOP",14.2441976,36.0375273,Stop_1181,Stop_1182,Stop_1181_to_Stop_1182,0
302,Ramla - Victoria,Mercer,"Ir-Rabat, Ghawdex",Saturday,06:52,07:52,08:52,09:52,10:52,11:52,12:52,13:52,14:52,15:52,16:52,17:52,18:52,19:52,20:52,21:52,22:52,,,,,,,,,,,,,,,,,,,,,,,,,,,,,,,,,,,,,,,,,,,,,,,,,,,,,,,,,,,,,,GOZO STOP,17,"Mercer - Ir-Rabat, Ghawdex - GOZO STOP",14.2435557,36.0373249,Stop_1182,Stop_1183,Stop_1182_to_Stop_1183,0
302,Ramla - Victoria,Cawla,"Ir-Rabat, Ghawdex",Saturday,06:53,07:53,08:53,09:53,10:53,11:53,12:53,13:53,14:53,15:53,16:53,17:53,18:53,19:53,20:53,21:53,22:53,,,,,,,,,,,,,,,,,,,,,,,,,,,,,,,,,,,,,,,,,,,,,,,,,,,,,,,,,,,,,,GOZO STOP,17,"Cawla - Ir-Rabat, Ghawdex - GOZO STOP",14.2418715,36.0374335,Stop_1183,Stop_1184,Stop_1183_to_Stop_1184,0
302,Ramla - Victoria,Tabone,"Ir-Rabat, Ghawdex",Saturday,06:53,07:53,08:53,09:53,10:53,11:53,12:53,13:53,14:53,15:53,16:53,17:53,18:53,19:53,20:53,21:53,22:53,,,,,,,,,,,,,,,,,,,,,,,,,,,,,,,,,,,,,,,,,,,,,,,,,,,,,,,,,,,,,,GOZO STOP,17,"Tabone - Ir-Rabat, Ghawdex - GOZO STOP",14.2407007,36.0400234,Stop_1184,Stop_1161,Stop_1184_to_Stop_1161,0
303,Victoria - Vapur,Hida,In-Nadur,Saturday,05:12,06:12,07:14,08:14,09:44,11:14,12:44,14:14,15:44,17:14,18:44,19:29,20:14,20:59,21:56,22:56,,,,,,,,,,,,,,,,,,,,,,,,,,,,,,,,,,,,,,,,,,,,,,,,,,,,,,,,,,,,,,,GOZO STOP,16,Hida - In-Nadur - GOZO STOP,14.2883477,36.0396162,Stop_1186,Stop_1187,Stop_1186_to_Stop_1187,0
303,Victoria - Vapur,Xandriku,In-Nadur,Saturday,05:12,06:12,07:15,08:15,09:45,11:15,12:45,14:15,15:45,17:15,18:45,19:30,20:15,21:00,21:57,22:57,,,,,,,,,,,,,,,,,,,,,,,,,,,,,,,,,,,,,,,,,,,,,,,,,,,,,,,,,,,,,,,GOZO STOP,16,Xandriku - In-Nadur - GOZO STOP,14.2904261,36.0387996,Stop_1187,Stop_1188,Stop_1187_to_Stop_1188,0
303,Victoria - Vapur,Nadur,In-Nadur,Saturday,05:13,06:13,07:15,08:15,09:45,11:15,12:45,14:15,15:45,17:15,18:45,19:30,20:15,21:00,21:58,22:58,,,,,,,,,,,,,,,,,,,,,,,,,,,,,,,,,,,,,,,,,,,,,,,,,,,,,,,,,,,,,,,GOZO STOP,16,Nadur - In-Nadur - GOZO STOP,14.2939036,36.0379958,Stop_1188,Stop_1189,Stop_1188_to_Stop_1189,0
303,Victoria - Vapur,Dicembru,In-Nadur,Saturday,05:14,06:14,07:16,08:16,09:46,11:16,12:46,14:16,15:46,17:16,18:46,19:31,20:16,21:01,21:58,22:58,,,,,,,,,,,,,,,,,,,,,,,,,,,,,,,,,,,,,,,,,,,,,,,,,,,,,,,,,,,,,,,GOZO STOP,16,Dicembru - In-Nadur - GOZO STOP,14.2967011,36.0381294,Stop_1189,Stop_1190,Stop_1189_to_Stop_1190,0
303,Victoria - Vapur,Nicca,In-Nadur,Saturday,05:14,06:14,07:16,08:16,09:46,11:16,12:46,14:16,15:46,17:16,18:46,19:31,20:16,21:01,21:58,22:58,,,,,,,,,,,,,,,,,,,,,,,,,,,,,,,,,,,,,,,,,,,,,,,,,,,,,,,,,,,,,,,GOZO STOP,16,Nicca - In-Nadur - GOZO STOP,14.2968949,36.0387054,Stop_1190,Stop_1191,Stop_1190_to_Stop_1191,0
303,Victoria - Vapur,Blas,In-Nadur,Saturday,05:14,06:14,07:17,08:17,09:47,11:17,12:47,14:17,15:47,17:17,18:47,19:32,20:17,21:02,21:59,22:59,,,,,,,,,,,,,,,,,,,,,,,,,,,,,,,,,,,,,,,,,,,,,,,,,,,,,,,,,,,,,,,GOZO STOP,16,Blas - In-Nadur - GOZO STOP,14.2972121,36.0399491,Stop_1191,Stop_1192,Stop_1191_to_Stop_1192,0
303,Victoria - Vapur,Qorrot,In-Nadur,Saturday,05:15,06:15,07:17,08:17,09:47,11:17,12:47,14:17,15:47,17:17,18:47,19:32,20:17,21:02,21:59,22:59,,,,,,,,,,,,,,,,,,,,,,,,,,,,,,,,,,,,,,,,,,,,,,,,,,,,,,,,,,,,,,,GOZO STOP,16,Qorrot - In-Nadur - GOZO STOP,14.2975366,36.0415432,Stop_1192,Stop_1193,Stop_1192_to_Stop_1193,0
303,Victoria - Vapur,Qortin,In-Nadur,Saturday,05:16,06:16,07:19,08:19,09:49,11:19,12:49,14:19,15:49,17:19,18:49,19:34,20:19,21:04,22:00,23:00,,,,,,,,,,,,,,,,,,,,,,,,,,,,,,,,,,,,,,,,,,,,,,,,,,,,,,,,,,,,,,,GOZO STOP,16,Qortin - In-Nadur - GOZO STOP,14.299157,36.0455506,Stop_1193,Stop_1194,Stop_1193_to_Stop_1194,0
303,Victoria - Vapur,Wistin,In-Nadur,Saturday,05:17,06:17,07:20,08:20,09:50,11:20,12:50,14:20,15:50,17:20,18:50,19:35,20:20,21:05,22:01,23:01,,,,,,,,,,,,,,,,,,,,,,,,,,,,,,,,,,,,,,,,,,,,,,,,,,,,,,,,,,,,,,,GOZO STOP,16,Wistin - In-Nadur - GOZO STOP,14.2998366,36.0486208,Stop_1194,Stop_1195,Stop_1194_to_Stop_1195,0
303,Victoria - Vapur,Weraq,In-Nadur,Saturday,05:17,06:17,07:20,08:20,09:50,11:20,12:50,14:20,15:50,17:20,18:50,19:35,20:20,21:05,22:02,23:02,,,,,,,,,,,,,,,,,,,,,,,,,,,,,,,,,,,,,,,,,,,,,,,,,,,,,,,,,,,,,,,GOZO STOP,16,Weraq - In-Nadur - GOZO STOP,14.3004951,36.0514475,Stop_1195,Stop_1194,Stop_1195_to_Stop_1194,0
303,Victoria - Vapur,Barbra,In-Nadur,Saturday,05:21,06:21,07:25,08:25,09:55,11:25,12:55,14:25,15:55,17:25,18:55,19:40,20:25,21:10,22:05,23:05,,,,,,,,,,,,,,,,,,,,,,,,,,,,,,,,,,,,,,,,,,,,,,,,,,,,,,,,,,,,,,,GOZO STOP,16,Barbra - In-Nadur - GOZO STOP,14.2994383,36.0398276,Stop_1196,Stop_1197,Stop_1196_to_Stop_1197,0
303,Victoria - Vapur,Wieqfa,Il-Qala,Saturday,05:23,06:23,07:27,08:27,09:57,11:27,12:57,14:27,15:57,17:27,18:57,19:42,20:27,21:12,22:07,23:07,,,,,,,,,,,,,,,,,,,,,,,,,,,,,,,,,,,,,,,,,,,,,,,,,,,,,,,,,,,,,,,GOZO STOP,16,Wieqfa - Il-Qala - GOZO STOP,14.3099418,36.0383333,Stop_1197,Stop_1198,Stop_1197_to_Stop_1198,0
303,Victoria - Vapur,Qala,Il-Qala,Saturday,05:24,06:24,07:28,08:28,09:58,11:28,12:58,14:28,15:58,17:28,18:58,19:43,20:28,21:13,22:08,23:08,,,,,,,,,,,,,,,,,,,,,,,,,,,,,,,,,,,,,,,,,,,,,,,,,,,,,,,,,,,,,,,GOZO STOP,16,Qala - Il-Qala - GOZO STOP,14.3106915,36.0368757,Stop_1198,Stop_1199,Stop_1198_to_Stop_1199,0
303,Victoria - Vapur,Buttigieg,Il-Qala,Saturday,05:24,06:24,07:29,08:29,09:59,11:29,12:59,14:29,15:59,17:29,18:59,19:44,20:29,21:14,22:09,23:09,,,,,,,,,,,,,,,,,,,,,,,,,,,,,,,,,,,,,,,,,,,,,,,,,,,,,,,,,,,,,,,GOZO STOP,16,Buttigieg - Il-Qala - GOZO STOP,14.3094636,36.0346883,Stop_1199,Stop_1200,Stop_1199_to_Stop_1200,0
303,Victoria - Vapur,Biljun,Il-Qala,Saturday,05:25,06:25,07:30,08:30,10:00,11:30,13:00,14:30,16:00,17:30,19:00,19:45,20:30,21:15,22:09,23:09,,,,,,,,,,,,,,,,,,,,,,,,,,,,,,,,,,,,,,,,,,,,,,,,,,,,,,,,,,,,,,,GOZO STOP,16,Biljun - Il-Qala - GOZO STOP,14.3062457,36.034067,Stop_1200,Stop_1201,Stop_1200_to_Stop_1201,0
303,Victoria - Vapur,Safra,Il-Qala,Saturday,05:26,06:26,07:31,08:31,10:01,11:31,13:01,14:31,16:01,17:31,19:01,19:46,20:31,21:16,22:10,23:10,,,,,,,,,,,,,,,,,,,,,,,,,,,,,,,,,,,,,,,,,,,,,,,,,,,,,,,,,,,,,,,GOZO STOP,16,Safra - Il-Qala - GOZO STOP,14.3019387,36.0330117,Stop_1201,Stop_1202,Stop_1201_to_Stop_1202,0
303,Victoria - Vapur,Palma,Ghajnsielem,Saturday,05:27,06:27,07:32,08:32,10:02,11:32,13:02,14:32,16:02,17:32,19:02,19:47,20:32,21:17,22:11,23:11,,,,,,,,,,,,,,,,,,,,,,,,,,,,,,,,,,,,,,,,,,,,,,,,,,,,,,,,,,,,,,,GOZO STOP,16,Palma - Ghajnsielem - GOZO STOP,14.2976667,36.0323588,Stop_1202,Stop_1203,Stop_1202_to_Stop_1203,0
303,Victoria - Vapur,Labax,"L-Imgarr, Ghawdex",Saturday,05:28,06:28,07:33,08:33,10:03,11:33,13:03,14:33,16:03,17:33,19:03,19:48,20:33,21:18,22:12,23:12,,,,,,,,,,,,,,,,,,,,,,,,,,,,,,,,,,,,,,,,,,,,,,,,,,,,,,,,,,,,,,,GOZO STOP,16,"Labax - L-Imgarr, Ghawdex - GOZO STOP",14.2970182,36.0290488,Stop_1203,Stop_1204,Stop_1203_to_Stop_1204,0
303,Victoria - Vapur,Antnin,"L-Imgarr, Ghawdex",Saturday,05:28,06:28,07:33,08:33,10:03,11:33,13:03,14:33,16:03,17:33,19:03,19:48,20:33,21:18,22:13,23:13,,,,,,,,,,,,,,,,,,,,,,,,,,,,,,,,,,,,,,,,,,,,,,,,,,,,,,,,,,,,,,,GOZO STOP,16,"Antnin - L-Imgarr, Ghawdex - GOZO STOP",14.2968166,36.0271639,Stop_1204,Stop_1205,Stop_1204_to_Stop_1205,0
303,Victoria - Vapur,Gudja,"L-Imgarr, Ghawdex",Saturday,05:29,06:29,07:34,08:34,10:04,11:34,13:04,14:34,16:04,17:34,19:04,19:49,20:34,21:19,22:13,23:13,,,,,,,,,,,,,,,,,,,,,,,,,,,,,,,,,,,,,,,,,,,,,,,,,,,,,,,,,,,,,,,GOZO STOP,16,"Gudja - L-Imgarr, Ghawdex - GOZO STOP",14.2947759579466,36.026694785287,Stop_1205,Stop_1206,Stop_1205_to_Stop_1206,0
303,Victoria - Vapur,Hamri,Ghajnsielem,Saturday,05:29,06:29,07:35,08:35,10:05,11:35,13:05,14:35,16:05,17:35,19:05,19:50,20:35,21:20,22:13,23:13,,,,,,,,,,,,,,,,,,,,,,,,,,,,,,,,,,,,,,,,,,,,,,,,,,,,,,,,,,,,,,,GOZO STOP,16,Hamri - Ghajnsielem - GOZO STOP,14.2927021,36.0267961,Stop_1206,Stop_1207,Stop_1206_to_Stop_1207,0
303,Victoria - Vapur,Fawwara,Ghajnsielem,Saturday,05:30,06:30,07:35,08:35,10:05,11:35,13:05,14:35,16:05,17:35,19:05,19:50,20:35,21:20,22:14,23:14,,,,,,,,,,,,,,,,,,,,,,,,,,,,,,,,,,,,,,,,,,,,,,,,,,,,,,,,,,,,,,,GOZO STOP,16,Fawwara - Ghajnsielem - GOZO STOP,14.2910778,36.0272494,Stop_1207,Stop_1208,Stop_1207_to_Stop_1208,0
303,Victoria - Vapur,Loreto,Ghajnsielem,Saturday,05:30,06:30,07:35,08:35,10:05,11:35,13:05,14:35,16:05,17:35,19:05,19:50,20:35,21:20,22:14,23:14,,,,,,,,,,,,,,,,,,,,,,,,,,,,,,,,,,,,,,,,,,,,,,,,,,,,,,,,,,,,,,,GOZO STOP,16,Loreto - Ghajnsielem - GOZO STOP,14.2901993,36.0264047,Stop_1208,Stop_1209,Stop_1208_to_Stop_1209,0
303,Victoria - Vapur,Kullegg,Ghajnsielem,Saturday,05:31,06:31,07:36,08:36,10:06,11:36,13:06,14:36,16:06,17:36,19:06,19:51,20:36,21:21,22:15,23:15,,,,,,,,,,,,,,,,,,,,,,,,,,,,,,,,,,,,,,,,,,,,,,,,,,,,,,,,,,,,,,,GOZO STOP,16,Kullegg - Ghajnsielem - GOZO STOP,14.2889576,36.0248188,Stop_1209,Stop_1151,Stop_1209_to_Stop_1151,0
303,Vapur - Victoria,Arka,Ghajnsielem,Saturday,05:18,06:18,07:18,08:18,09:48,11:18,12:48,14:18,15:48,17:18,18:48,19:33,20:18,21:03,21:48,22:33,,,,,,,,,,,,,,,,,,,,,,,,,,,,,,,,,,,,,,,,,,,,,,,,,,,,,,,,,,,,,,,GOZO STOP,16,Arka - Ghajnsielem - GOZO STOP,14.2879798,36.0253684,Stop_1210,Stop_1211,Stop_1210_to_Stop_1211,0
303,Vapur - Victoria,Loretu,Ghajnsielem,Saturday,05:18,06:18,07:19,08:19,09:49,11:19,12:49,14:19,15:49,17:19,18:49,19:34,20:18,21:03,21:48,22:33,,,,,,,,,,,,,,,,,,,,,,,,,,,,,,,,,,,,,,,,,,,,,,,,,,,,,,,,,,,,,,,GOZO STOP,16,Loretu - Ghajnsielem - GOZO STOP,14.2900751,36.0264299,Stop_1211,Stop_1207,Stop_1211_to_Stop_1207,0
303,Vapur - Victoria,Gliex,Ghajnsielem,Saturday,05:21,06:21,07:22,08:22,09:52,11:22,12:51,14:21,15:51,17:21,18:51,19:36,20:21,21:06,21:51,22:36,,,,,,,,,,,,,,,,,,,,,,,,,,,,,,,,,,,,,,,,,,,,,,,,,,,,,,,,,,,,,,,GOZO STOP,16,Gliex - Ghajnsielem - GOZO STOP,14.2970753,36.031052,Stop_1212,Stop_1201,Stop_1212_to_Stop_1201,0
303,Vapur - Victoria,Guzepp,Il-Qala,Saturday,05:24,06:24,07:26,08:26,09:56,11:26,12:55,14:25,15:55,17:25,18:55,19:40,20:24,21:09,21:54,22:39,,,,,,,,,,,,,,,,,,,,,,,,,,,,,,,,,,,,,,,,,,,,,,,,,,,,,,,,,,,,,,,GOZO STOP,16,Guzepp - Il-Qala - GOZO STOP,14.3111529,36.03521690000001,Stop_1213,Stop_1198,Stop_1213_to_Stop_1198,0
303,Vapur - Victoria,Andrija,In-Nadur,Saturday,05:26,06:26,07:30,08:30,10:00,11:30,12:58,14:28,15:58,17:28,18:58,19:43,20:27,21:12,21:57,22:42,,,,,,,,,,,,,,,,,,,,,,,,,,,,,,,,,,,,,,,,,,,,,,,,,,,,,,,,,,,,,,,GOZO STOP,16,Andrija - In-Nadur - GOZO STOP,14.3019877,36.0391759,Stop_1214,Stop_1196,Stop_1214_to_Stop_1196,0
303,Victoria - Vapur,Kassja,Il-Qala,Saturday,09:05,10:35,12:05,13:35,15:10,16:35,18:05,,,,,,,,,,,,,,,,,,,,,,,,,,,,,,,,,,,,,,,,,,,,,,,,,,,,,,,,,,,,,,,,,,,,,,,,GOZO STOP,7,Kassja - Il-Qala - GOZO STOP,14.3134934,36.0354017,Stop_1215,Stop_1216,Stop_1215_to_Stop_1216,0
303,Victoria - Vapur,Marga,Il-Qala,Saturday,09:06,10:36,12:06,13:36,15:11,16:36,18:06,,,,,,,,,,,,,,,,,,,,,,,,,,,,,,,,,,,,,,,,,,,,,,,,,,,,,,,,,,,,,,,,,,,,,,,,GOZO STOP,7,Marga - Il-Qala - GOZO STOP,14.3168859,36.0360393,Stop_1216,Stop_1217,Stop_1216_to_Stop_1217,0
303,Victoria - Vapur,Kuncizzjoni,Il-Qala,Saturday,09:07,10:37,12:07,13:37,15:12,16:37,18:07,,,,,,,,,,,,,,,,,,,,,,,,,,,,,,,,,,,,,,,,,,,,,,,,,,,,,,,,,,,,,,,,,,,,,,,,GOZO STOP,7,Kuncizzjoni - Il-Qala - GOZO STOP,14.3199057,36.0354183,Stop_1217,Stop_1218,Stop_1217_to_Stop_1218,0
303,Victoria - Vapur,Gafan,Il-Qala,Saturday,09:10,10:40,12:10,13:40,15:15,16:40,18:10,,,,,,,,,,,,,,,,,,,,,,,,,,,,,,,,,,,,,,,,,,,,,,,,,,,,,,,,,,,,,,,,,,,,,,,,GOZO STOP,7,Gafan - Il-Qala - GOZO STOP,14.3132153,36.0403444,Stop_1218,Stop_1199,Stop_1218_to_Stop_1199,0
303,Vapur - Victoria,Fortin,Il-Qala,Saturday,09:14,10:44,12:14,13:44,15:14,16:44,18:14,,,,,,,,,,,,,,,,,,,,,,,,,,,,,,,,,,,,,,,,,,,,,,,,,,,,,,,,,,,,,,,,,,,,,,,,GOZO STOP,7,Fortin - Il-Qala - GOZO STOP,14.3213338,36.0381834,Stop_1219,Stop_1218,Stop_1219_to_Stop_1218,0
305,Victoria -Ta Sannat - Victoria,Cawla,Tac-Cawla,Saturday,05:07,06:37,07:37,08:37,09:37,10:37,11:37,12:37,13:37,14:37,15:37,16:37,17:37,18:37,19:37,20:37,21:37,22:37,,,,,,,,,,,,,,,,,,,,,,,,,,,,,,,,,,,,,,,,,,,,,,,,,,,,,,,,,,,,,GOZO STOP,18,Cawla - Tac-Cawla - GOZO STOP,14.2419317,36.0375308,Stop_1221,Stop_1222,Stop_1221_to_Stop_1222,0
305,Victoria -Ta Sannat - Victoria,Qasam,Tac-Cawla,Saturday,05:08,06:38,07:38,08:38,09:38,10:38,11:38,12:38,13:38,14:38,15:38,16:38,17:38,18:38,19:37,20:37,21:37,22:37,,,,,,,,,,,,,,,,,,,,,,,,,,,,,,,,,,,,,,,,,,,,,,,,,,,,,,,,,,,,,GOZO STOP,18,Qasam - Tac-Cawla - GOZO STOP,14.243128,36.0353749,Stop_1222,Stop_1223,Stop_1222_to_Stop_1223,0
305,Victoria -Ta Sannat - Victoria,Parrocca,Ta' Sannat,Saturday,05:11,06:41,07:41,08:41,09:41,10:41,11:41,12:41,13:41,14:41,15:41,16:41,17:40,18:40,19:40,20:40,21:40,22:40,,,,,,,,,,,,,,,,,,,,,,,,,,,,,,,,,,,,,,,,,,,,,,,,,,,,,,,,,,,,,GOZO STOP,18,Parrocca - Ta' Sannat - GOZO STOP,14.2419907,36.0286225,Stop_1223,Stop_1224,Stop_1223_to_Stop_1224,0
305,Victoria -Ta Sannat - Victoria,Sannat,Ta' Sannat,Saturday,05:11,06:42,07:42,08:42,09:42,10:42,11:42,12:42,13:42,14:42,15:42,16:41,17:41,18:41,19:40,20:40,21:40,22:40,,,,,,,,,,,,,,,,,,,,,,,,,,,,,,,,,,,,,,,,,,,,,,,,,,,,,,,,,,,,,GOZO STOP,18,Sannat - Ta' Sannat - GOZO STOP,14.2431843,36.0270998,Stop_1224,Stop_1225,Stop_1224_to_Stop_1225,0
305,Victoria -Ta Sannat - Victoria,Bezuza,Ta' Sannat,Saturday,05:12,06:43,07:43,08:43,09:43,10:43,11:43,12:43,13:43,14:43,15:43,16:42,17:42,18:42,19:41,20:41,21:41,22:41,,,,,,,,,,,,,,,,,,,,,,,,,,,,,,,,,,,,,,,,,,,,,,,,,,,,,,,,,,,,,GOZO STOP,18,Bezuza - Ta' Sannat - GOZO STOP,14.2447427,36.0251974,Stop_1225,Stop_1226,Stop_1225_to_Stop_1226,0
305,Victoria -Ta Sannat - Victoria,Cenc,Ta' Sannat,Saturday,05:15,06:46,07:46,08:46,09:46,10:46,11:46,12:46,13:46,14:46,15:46,16:45,17:44,18:44,19:43,20:43,21:43,22:43,,,,,,,,,,,,,,,,,,,,,,,,,,,,,,,,,,,,,,,,,,,,,,,,,,,,,,,,,,,,,GOZO STOP,18,Cenc - Ta' Sannat - GOZO STOP,14.2499032,36.0214427,Stop_1226,Stop_1227,Stop_1226_to_Stop_1227,0
305,Victoria -Ta Sannat - Victoria,Luqa,Ta' Sannat,Saturday,05:16,06:47,07:47,08:47,09:47,10:47,11:47,12:47,13:47,14:47,15:47,16:46,17:45,18:45,19:44,20:44,21:44,22:44,,,,,,,,,,,,,,,,,,,,,,,,,,,,,,,,,,,,,,,,,,,,,,,,,,,,,,,,,,,,,GOZO STOP,18,Luqa - Ta' Sannat - GOZO STOP,14.2478769,36.0227459,Stop_1227,Stop_1228,Stop_1227_to_Stop_1228,0
305,Victoria -Ta Sannat - Victoria,Ta Skerla,Ta' Sannat,Saturday,05:16,06:47,07:47,08:47,09:47,10:47,11:47,12:47,13:47,14:47,15:47,16:46,17:46,18:45,19:44,20:44,21:44,22:44,,,,,,,,,,,,,,,,,,,,,,,,,,,,,,,,,,,,,,,,,,,,,,,,,,,,,,,,,,,,,GOZO STOP,18,Ta Skerla - Ta' Sannat - GOZO STOP,14.2457289,36.0236078,Stop_1228,Stop_1229,Stop_1228_to_Stop_1229,0
305,Victoria -Ta Sannat - Victoria,Saguna,Ta' Sannat,Saturday,05:18,06:49,07:49,08:49,09:49,10:49,11:49,12:49,13:49,14:49,15:49,16:48,17:47,18:47,19:46,20:46,21:46,22:46,,,,,,,,,,,,,,,,,,,,,,,,,,,,,,,,,,,,,,,,,,,,,,,,,,,,,,,,,,,,,GOZO STOP,18,Saguna - Ta' Sannat - GOZO STOP,14.242613,36.0245618,Stop_1229,Stop_1230,Stop_1229_to_Stop_1230,0
305,Victoria -Ta Sannat - Victoria,Gerxija,Ta' Sannat,Saturday,05:19,06:50,07:50,08:50,09:50,10:50,11:50,12:50,13:50,14:50,15:50,16:49,17:48,18:48,19:46,20:46,21:46,22:46,,,,,,,,,,,,,,,,,,,,,,,,,,,,,,,,,,,,,,,,,,,,,,,,,,,,,,,,,,,,,GOZO STOP,18,Gerxija - Ta' Sannat - GOZO STOP,14.2405397,36.0247722,Stop_1230,Stop_1231,Stop_1230_to_Stop_1231,0
305,Victoria -Ta Sannat - Victoria,Randu,Ta' Sannat,Saturday,05:19,06:51,07:51,08:51,09:51,10:51,11:51,12:51,13:51,14:51,15:51,16:49,17:49,18:48,19:47,20:47,21:47,22:47,,,,,,,,,,,,,,,,,,,,,,,,,,,,,,,,,,,,,,,,,,,,,,,,,,,,,,,,,,,,,GOZO STOP,18,Randu - Ta' Sannat - GOZO STOP,14.2384019,36.0250021,Stop_1231,Stop_1232,Stop_1231_to_Stop_1232,0
305,Victoria -Ta Sannat - Victoria,Zghawru,Ta' Sannat,Saturday,05:20,06:52,07:52,08:52,09:52,10:52,11:52,12:52,13:52,14:52,15:52,16:50,17:50,18:49,19:48,20:48,21:48,22:48,,,,,,,,,,,,,,,,,,,,,,,,,,,,,,,,,,,,,,,,,,,,,,,,,,,,,,,,,,,,,GOZO STOP,18,Zghawru - Ta' Sannat - GOZO STOP,14.2352289,36.0258698,Stop_1232,Stop_1233,Stop_1232_to_Stop_1233,0
305,Victoria -Ta Sannat - Victoria,Spir,Il-Munxar,Saturday,05:22,06:53,07:53,08:53,09:53,10:53,11:53,12:53,13:53,14:53,15:53,16:52,17:51,18:50,19:49,20:49,21:49,22:49,,,,,,,,,,,,,,,,,,,,,,,,,,,,,,,,,,,,,,,,,,,,,,,,,,,,,,,,,,,,,GOZO STOP,18,Spir - Il-Munxar - GOZO STOP,14.2332467,36.0282104,Stop_1233,Stop_1234,Stop_1233_to_Stop_1234,0
305,Victoria -Ta Sannat - Victoria,Munxar,Il-Munxar,Saturday,05:23,06:54,07:54,08:54,09:54,10:54,11:54,12:54,13:54,14:54,15:54,16:53,17:52,18:51,19:50,20:50,21:50,22:50,,,,,,,,,,,,,,,,,,,,,,,,,,,,,,,,,,,,,,,,,,,,,,,,,,,,,,,,,,,,,GOZO STOP,18,Munxar - Il-Munxar - GOZO STOP,14.2345282,36.0306654,Stop_1234,Stop_1235,Stop_1234_to_Stop_1235,0
305,Victoria -Ta Sannat - Victoria,Guze,Il-Munxar,Saturday,05:23,06:55,07:55,08:55,09:55,10:55,11:55,12:55,13:55,14:55,15:55,16:53,17:53,18:52,19:50,20:50,21:50,22:50,,,,,,,,,,,,,,,,,,,,,,,,,,,,,,,,,,,,,,,,,,,,,,,,,,,,,,,,,,,,,GOZO STOP,18,Guze - Il-Munxar - GOZO STOP,14.2366612,36.0315422,Stop_1235,Stop_1236,Stop_1235_to_Stop_1236,0
305,Victoria -Ta Sannat - Victoria,Dimech,"Il-Fontana, Ghawdex",Saturday,05:25,06:57,07:57,08:57,09:57,10:57,11:57,12:57,13:57,14:57,15:57,16:55,17:54,18:53,19:52,20:52,21:52,22:52,,,,,,,,,,,,,,,,,,,,,,,,,,,,,,,,,,,,,,,,,,,,,,,,,,,,,,,,,,,,,GOZO STOP,18,"Dimech - Il-Fontana, Ghawdex - GOZO STOP",14.2379942,36.0350448,Stop_1236,Stop_1237,Stop_1236_to_Stop_1237,0
305,Victoria -Ta Sannat - Victoria,Dminka,"Ir-Rabat, Ghawdex",Saturday,05:26,06:58,07:58,08:58,09:58,10:58,11:58,12:58,13:58,14:58,15:58,16:56,17:55,18:54,19:52,20:52,21:52,22:52,,,,,,,,,,,,,,,,,,,,,,,,,,,,,,,,,,,,,,,,,,,,,,,,,,,,,,,,,,,,,GOZO STOP,18,"Dminka - Ir-Rabat, Ghawdex - GOZO STOP",14.2392549,36.037366,Stop_1237,Stop_1238,Stop_1237_to_Stop_1238,0
305,Victoria -Ta Sannat - Victoria,Manresa,"Il-Fontana, Ghawdex",Saturday,05:27,06:58,07:58,08:58,09:58,10:58,11:58,12:58,13:58,14:58,15:58,16:57,17:56,18:55,19:53,20:53,21:53,22:53,,,,,,,,,,,,,,,,,,,,,,,,,,,,,,,,,,,,,,,,,,,,,,,,,,,,,,,,,,,,,GOZO STOP,18,"Manresa - Il-Fontana, Ghawdex - GOZO STOP",14.239504,36.0380914,Stop_1238,Stop_1161,Stop_1238_to_Stop_1161,0
306,Victoria - Xlendi - Victoria,Labini,"Ir-Rabat, Ghawdex",Saturday,05:06,06:49,07:59,08:59,09:59,10:59,11:59,12:59,13:59,14:59,15:59,16:59,17:59,18:59,19:59,20:59,21:49,22:49,,,,,,,,,,,,,,,,,,,,,,,,,,,,,,,,,,,,,,,,,,,,,,,,,,,,,,,,,,,,,GOZO STOP,18,"Labini - Ir-Rabat, Ghawdex - GOZO STOP",14.2397538,36.0402007,Stop_1239,Stop_1238,Stop_1239_to_Stop_1238,0
306,Victoria - Xlendi - Victoria,Aquilina,Il-Munxar,Saturday,05:09,06:52,08:03,09:03,10:03,11:03,12:03,13:03,14:03,15:03,16:03,17:03,18:03,19:03,20:02,21:02,21:52,22:52,,,,,,,,,,,,,,,,,,,,,,,,,,,,,,,,,,,,,,,,,,,,,,,,,,,,,,,,,,,,,GOZO STOP,18,Aquilina - Il-Munxar - GOZO STOP,14.2369616,36.031514,Stop_1240,Stop_1234,Stop_1240_to_Stop_1234,0
306,Victoria - Xlendi - Victoria,Luvier,Il-Munxar,Saturday,05:11,06:55,08:06,09:06,10:06,11:06,12:06,13:05,14:05,15:05,16:05,17:05,18:05,19:05,20:04,21:04,21:54,22:54,,,,,,,,,,,,,,,,,,,,,,,,,,,,,,,,,,,,,,,,,,,,,,,,,,,,,,,,,,,,,GOZO STOP,18,Luvier - Il-Munxar - GOZO STOP,14.2311197,36.030488,Stop_1241,Stop_1242,Stop_1241_to_Stop_1242,0
306,Victoria - Xlendi - Victoria,Xadba,Il-Munxar,Saturday,05:12,06:56,08:08,09:08,10:08,11:08,12:07,13:07,14:07,15:07,16:07,17:07,18:07,19:07,20:06,21:05,21:55,22:55,,,,,,,,,,,,,,,,,,,,,,,,,,,,,,,,,,,,,,,,,,,,,,,,,,,,,,,,,,,,,GOZO STOP,18,Xadba - Il-Munxar - GOZO STOP,14.2269328,36.028154,Stop_1242,Stop_1243,Stop_1242_to_Stop_1243,0
306,Victoria - Xlendi - Victoria,Qsajjem,Ix-Xlendi,Saturday,05:14,06:59,08:11,09:11,10:11,11:11,12:10,13:09,14:09,15:09,16:09,17:09,18:09,19:09,20:08,21:07,21:57,22:57,,,,,,,,,,,,,,,,,,,,,,,,,,,,,,,,,,,,,,,,,,,,,,,,,,,,,,,,,,,,,GOZO STOP,18,Qsajjem - Ix-Xlendi - GOZO STOP,14.2187387,36.0282017,Stop_1243,Stop_1244,Stop_1243_to_Stop_1244,0
306,Victoria - Xlendi - Victoria,Xmun,Ix-Xlendi,Saturday,05:15,07:00,08:12,09:12,10:12,11:12,12:11,13:10,14:10,15:10,16:10,17:10,18:10,19:10,20:09,21:08,21:58,22:58,,,,,,,,,,,,,,,,,,,,,,,,,,,,,,,,,,,,,,,,,,,,,,,,,,,,,,,,,,,,,GOZO STOP,18,Xmun - Ix-Xlendi - GOZO STOP,14.2156506,36.0286107,Stop_1244,Stop_1245,Stop_1244_to_Stop_1245,0
306,Victoria - Xlendi - Victoria,Kappar,Ix-Xlendi,Saturday,05:17,07:02,08:15,09:15,10:15,11:15,12:14,13:13,14:13,15:13,16:13,17:13,18:13,19:13,20:12,21:10,22:00,23:00,,,,,,,,,,,,,,,,,,,,,,,,,,,,,,,,,,,,,,,,,,,,,,,,,,,,,,,,,,,,,GOZO STOP,18,Kappar - Ix-Xlendi - GOZO STOP,14.2215214,36.0321717,Stop_1246,Stop_1247,Stop_1246_to_Stop_1247,0
306,Victoria - Xlendi - Victoria,Grotta,Ix-Xlendi,Saturday,05:18,07:03,08:16,09:16,10:16,11:16,12:15,13:14,14:14,15:14,16:14,17:14,18:14,19:14,20:13,21:11,22:01,23:01,,,,,,,,,,,,,,,,,,,,,,,,,,,,,,,,,,,,,,,,,,,,,,,,,,,,,,,,,,,,,GOZO STOP,18,Grotta - Ix-Xlendi - GOZO STOP,14.2252486,36.0331789,Stop_1247,Stop_1248,Stop_1247_to_Stop_1248,0
306,Victoria - Xlendi - Victoria,Lewz,L-Andar,Saturday,05:19,07:04,08:17,09:17,10:17,11:17,12:17,13:15,14:15,15:15,16:15,17:15,18:15,19:15,20:14,21:12,22:02,23:02,,,,,,,,,,,,,,,,,,,,,,,,,,,,,,,,,,,,,,,,,,,,,,,,,,,,,,,,,,,,,GOZO STOP,18,Lewz - L-Andar - GOZO STOP,14.2271144,36.0337463,Stop_1248,Stop_1249,Stop_1248_to_Stop_1249,0
306,Victoria - Xlendi - Victoria,Tuta,L-Andar,Saturday,05:20,07:06,08:19,09:19,10:19,11:19,12:18,13:17,14:17,15:17,16:17,17:17,18:17,19:17,20:15,21:13,22:03,23:03,,,,,,,,,,,,,,,,,,,,,,,,,,,,,,,,,,,,,,,,,,,,,,,,,,,,,,,,,,,,,GOZO STOP,18,Tuta - L-Andar - GOZO STOP,14.2320289,36.0348317,Stop_1249,Stop_1250,Stop_1249_to_Stop_1250,0
306,Victoria - Xlendi - Victoria,Ghajn,"Il-Fontana, Ghawdex",Saturday,05:21,07:07,08:20,09:20,10:20,11:20,12:19,13:18,14:18,15:18,16:18,17:18,18:18,19:18,20:16,21:14,22:04,23:04,,,,,,,,,,,,,,,,,,,,,,,,,,,,,,,,,,,,,,,,,,,,,,,,,,,,,,,,,,,,,GOZO STOP,18,"Ghajn - Il-Fontana, Ghawdex - GOZO STOP",14.2349337,36.0370178,Stop_1250,Stop_1251,Stop_1250_to_Stop_1251,0
306,Victoria - Xlendi - Victoria,Parrokkjali,"Il-Fontana, Ghawdex",Saturday,05:22,07:08,08:22,09:22,10:22,11:22,12:21,13:19,14:19,15:19,16:19,17:19,18:19,19:19,20:17,21:15,22:05,23:05,,,,,,,,,,,,,,,,,,,,,,,,,,,,,,,,,,,,,,,,,,,,,,,,,,,,,,,,,,,,,GOZO STOP,18,"Parrokkjali - Il-Fontana, Ghawdex - GOZO STOP",14.2369927,36.0392959,Stop_1251,Stop_1252,Stop_1251_to_Stop_1252,0
306,Victoria - Xlendi - Victoria,Andar,"Il-Fontana, Ghawdex",Saturday,05:23,07:08,08:22,09:22,10:22,11:22,12:21,13:19,14:19,15:19,16:19,17:19,18:19,19:19,20:18,21:16,22:06,23:06,,,,,,,,,,,,,,,,,,,,,,,,,,,,,,,,,,,,,,,,,,,,,,,,,,,,,,,,,,,,,GOZO STOP,18,"Andar - Il-Fontana, Ghawdex - GOZO STOP",14.2371073,36.040683,Stop_1252,Stop_1253,Stop_1252_to_Stop_1253,0
306,Victoria - Xlendi - Victoria,Vincenzo,"Il-Fontana, Ghawdex",Saturday,05:23,07:09,08:23,09:23,10:23,11:23,12:22,13:20,14:20,15:20,16:20,17:20,18:20,19:20,20:18,21:16,22:06,23:06,,,,,,,,,,,,,,,,,,,,,,,,,,,,,,,,,,,,,,,,,,,,,,,,,,,,,,,,,,,,,GOZO STOP,18,"Vincenzo - Il-Fontana, Ghawdex - GOZO STOP",14.2399281,36.0409685,Stop_1253,Stop_1161,Stop_1253_to_Stop_1161,0
307,Victoria - Xaghra - Victoria,Zejta,"Ir-Rabat, Ghawdex",Saturday,06:08,07:03,08:08,09:08,10:08,11:08,12:08,13:08,14:08,15:08,16:08,17:08,18:08,19:08,20:08,21:08,22:08,,,,,,,,,,,,,,,,,,,,,,,,,,,,,,,,,,,,,,,,,,,,,,,,,,,,,,,,,,,,,,GOZO STOP,17,"Zejta - Ir-Rabat, Ghawdex - GOZO STOP",14.2512139,36.0417785,Stop_1254,Stop_1255,Stop_1254_to_Stop_1255,0
307,Victoria - Xaghra - Victoria,Leonardu,"Ir-Rabat, Ghawdex",Saturday,06:09,07:04,08:09,09:09,10:09,11:09,12:09,13:09,14:09,15:09,16:09,17:09,18:09,19:08,20:08,21:08,22:08,,,,,,,,,,,,,,,,,,,,,,,,,,,,,,,,,,,,,,,,,,,,,,,,,,,,,,,,,,,,,,GOZO STOP,17,"Leonardu - Ir-Rabat, Ghawdex - GOZO STOP",14.2550423,36.0410932,Stop_1255,Stop_1256,Stop_1255_to_Stop_1256,0
307,Victoria - Xaghra - Victoria,Hamet,Ta' Hamet,Saturday,06:12,07:07,08:13,09:13,10:13,11:13,12:13,13:13,14:13,15:13,16:13,17:13,18:12,19:11,20:11,21:11,22:11,,,,,,,,,,,,,,,,,,,,,,,,,,,,,,,,,,,,,,,,,,,,,,,,,,,,,,,,,,,,,,GOZO STOP,17,Hamet - Ta' Hamet - GOZO STOP,14.2659622,36.0424759,Stop_1256,Stop_1257,Stop_1256_to_Stop_1257,0
307,Victoria - Xaghra - Victoria,Tafla,Ix-Xaghra,Saturday,06:14,07:10,08:15,09:15,10:15,11:15,12:15,13:15,14:15,15:15,16:15,17:15,18:14,19:13,20:13,21:13,22:13,,,,,,,,,,,,,,,,,,,,,,,,,,,,,,,,,,,,,,,,,,,,,,,,,,,,,,,,,,,,,,GOZO STOP,17,Tafla - Ix-Xaghra - GOZO STOP,14.2663515,36.0459231,Stop_1257,Stop_1258,Stop_1257_to_Stop_1258,0
307,Victoria - Xaghra - Victoria,Ggantija,Ix-Xaghra,Saturday,06:14,07:11,08:16,09:16,10:16,11:16,12:16,13:16,14:16,15:16,16:16,17:16,18:15,19:14,20:14,21:14,22:14,,,,,,,,,,,,,,,,,,,,,,,,,,,,,,,,,,,,,,,,,,,,,,,,,,,,,,,,,,,,,,GOZO STOP,17,Ggantija - Ix-Xaghra - GOZO STOP,14.2659776,36.0474832,Stop_1258,Stop_1259,Stop_1258_to_Stop_1259,0
307,Victoria - Xaghra - Victoria,Xaghra,Ix-Xaghra,Saturday,06:15,07:11,08:17,09:17,10:17,11:17,12:17,13:17,14:17,15:17,16:17,17:17,18:16,19:15,20:15,21:15,22:15,,,,,,,,,,,,,,,,,,,,,,,,,,,,,,,,,,,,,,,,,,,,,,,,,,,,,,,,,,,,,,GOZO STOP,17,Xaghra - Ix-Xaghra - GOZO STOP,14.2654586,36.0492675,Stop_1259,Stop_1260,Stop_1259_to_Stop_1260,0
307,Victoria - Xaghra - Victoria,Tigrija,Ix-Xaghra,Saturday,06:16,07:12,08:18,09:18,10:18,11:18,12:18,13:18,14:18,15:18,16:18,17:18,18:16,19:15,20:15,21:15,22:15,,,,,,,,,,,,,,,,,,,,,,,,,,,,,,,,,,,,,,,,,,,,,,,,,,,,,,,,,,,,,,GOZO STOP,17,Tigrija - Ix-Xaghra - GOZO STOP,14.267037,36.0510246,Stop_1260,Stop_1261,Stop_1260_to_Stop_1261,0
307,Victoria - Xaghra - Victoria,Massar,Ix-Xaghra,Saturday,06:17,07:13,08:18,09:18,10:18,11:18,12:18,13:18,14:18,15:18,16:18,17:18,18:17,19:16,20:16,21:16,22:16,,,,,,,,,,,,,,,,,,,,,,,,,,,,,,,,,,,,,,,,,,,,,,,,,,,,,,,,,,,,,,GOZO STOP,17,Massar - Ix-Xaghra - GOZO STOP,14.2745675,36.0488669,Stop_1261,Stop_1262,Stop_1261_to_Stop_1262,0
307,Victoria - Xaghra - Victoria,Parisot,Ix-Xaghra,Saturday,06:17,07:13,08:19,09:19,10:19,11:19,12:19,13:19,14:19,15:19,16:19,17:19,18:17,19:16,20:16,21:16,22:16,,,,,,,,,,,,,,,,,,,,,,,,,,,,,,,,,,,,,,,,,,,,,,,,,,,,,,,,,,,,,,GOZO STOP,17,Parisot - Ix-Xaghra - GOZO STOP,14.270025,36.0514505,Stop_1262,Stop_1263,Stop_1262_to_Stop_1263,0
307,Victoria - Xaghra - Victoria,Dahla,L-Ghejun,Saturday,06:18,07:14,08:20,09:20,10:20,11:20,12:20,13:20,14:20,15:20,16:20,17:20,18:18,19:17,20:17,21:17,22:17,,,,,,,,,,,,,,,,,,,,,,,,,,,,,,,,,,,,,,,,,,,,,,,,,,,,,,,,,,,,,,GOZO STOP,17,Dahla - L-Ghejun - GOZO STOP,14.2705634,36.0485431,Stop_1263,Stop_1261,Stop_1263_to_Stop_1261,0
307,Victoria - Xaghra - Victoria,Kommittiva,Ix-Xaghra,Saturday,06:20,07:17,08:22,09:22,10:22,11:22,12:22,13:22,14:22,15:22,16:22,17:22,18:21,19:19,20:19,21:19,22:19,,,,,,,,,,,,,,,,,,,,,,,,,,,,,,,,,,,,,,,,,,,,,,,,,,,,,,,,,,,,,,GOZO STOP,17,Kommittiva - Ix-Xaghra - GOZO STOP,14.2750997,36.0510625,Stop_1264,Stop_1265,Stop_1264_to_Stop_1265,0
307,Victoria - Xaghra - Victoria,Xibla,Ix-Xaghra,Saturday,06:22,07:18,08:24,09:24,10:24,11:24,12:24,13:24,14:24,15:24,16:24,17:24,18:22,19:21,20:21,21:21,22:21,,,,,,,,,,,,,,,,,,,,,,,,,,,,,,,,,,,,,,,,,,,,,,,,,,,,,,,,,,,,,,GOZO STOP,17,Xibla - Ix-Xaghra - GOZO STOP,14.2705611,36.0523316,Stop_1265,Stop_1261,Stop_1265_to_Stop_1261,0
307,Victoria - Xaghra - Victoria,Spiera,Ix-Xaghra,Saturday,06:23,07:21,08:26,09:26,10:26,11:26,12:26,13:26,14:26,15:26,16:26,17:26,18:24,19:22,20:22,21:22,22:22,,,,,,,,,,,,,,,,,,,,,,,,,,,,,,,,,,,,,,,,,,,,,,,,,,,,,,,,,,,,,,GOZO STOP,17,Spiera - Ix-Xaghra - GOZO STOP,14.2638447,36.0499144,Stop_1266,Stop_1267,Stop_1266_to_Stop_1267,0
307,Victoria - Xaghra - Victoria,Fran,Ix-Xaghra,Saturday,06:24,07:21,08:27,09:27,10:27,11:27,12:27,13:27,14:27,15:27,16:27,17:27,18:25,19:23,20:23,21:23,22:23,,,,,,,,,,,,,,,,,,,,,,,,,,,,,,,,,,,,,,,,,,,,,,,,,,,,,,,,,,,,,,GOZO STOP,17,Fran - Ix-Xaghra - GOZO STOP,14.2617759318444,36.0491045670545,Stop_1267,Stop_1268,Stop_1267_to_Stop_1268,0
307,Victoria - Xaghra - Victoria,Lukin,Ix-Xaghra,Saturday,06:25,07:22,08:27,09:27,10:27,11:27,12:27,13:27,14:27,15:27,16:27,17:27,18:25,19:24,20:24,21:24,22:24,,,,,,,,,,,,,,,,,,,,,,,,,,,,,,,,,,,,,,,,,,,,,,,,,,,,,,,,,,,,,,GOZO STOP,17,Lukin - Ix-Xaghra - GOZO STOP,14.2599897,36.048637,Stop_1268,Stop_1269,Stop_1268_to_Stop_1269,0
307,Victoria - Xaghra - Victoria,Warda,Ix-Xaghra,Saturday,06:25,07:23,08:28,09:28,10:28,11:28,12:28,13:28,14:28,15:28,16:28,17:28,18:26,19:24,20:24,21:24,22:24,,,,,,,,,,,,,,,,,,,,,,,,,,,,,,,,,,,,,,,,,,,,,,,,,,,,,,,,,,,,,,GOZO STOP,17,Warda - Ix-Xaghra - GOZO STOP,14.2570218,36.0480667,Stop_1269,Stop_1268,Stop_1269_to_Stop_1268,0
307,Victoria - Xaghra - Victoria,Xerri,Ix-Xaghra,Saturday,06:28,07:26,08:32,09:32,10:32,11:32,12:32,13:32,14:32,15:32,16:32,17:32,18:29,19:27,20:27,21:27,22:27,,,,,,,,,,,,,,,,,,,,,,,,,,,,,,,,,,,,,,,,,,,,,,,,,,,,,,,,,,,,,,GOZO STOP,17,Xerri - Ix-Xaghra - GOZO STOP,14.2610827,36.0513196,Stop_1270,Stop_1271,Stop_1270_to_Stop_1271,0
307,Victoria - Xaghra - Victoria,Bullara,Ix-Xaghra,Saturday,06:29,07:27,08:32,09:32,10:32,11:32,12:32,13:32,14:32,15:32,16:32,17:32,18:30,19:28,20:28,21:28,22:28,,,,,,,,,,,,,,,,,,,,,,,,,,,,,,,,,,,,,,,,,,,,,,,,,,,,,,,,,,,,,,GOZO STOP,17,Bullara - Ix-Xaghra - GOZO STOP,14.2619893,36.0499599,Stop_1271,Stop_1266,Stop_1271_to_Stop_1266,0
307,Victoria - Xaghra - Victoria,Imqades,Ix-Xaghra,Saturday,06:31,07:29,08:35,09:35,10:35,11:35,12:35,13:35,14:35,15:35,16:35,17:35,18:32,19:30,20:30,21:30,22:30,,,,,,,,,,,,,,,,,,,,,,,,,,,,,,,,,,,,,,,,,,,,,,,,,,,,,,,,,,,,,,GOZO STOP,17,Imqades - Ix-Xaghra - GOZO STOP,14.2674597,36.048623,Stop_1272,Stop_1273,Stop_1272_to_Stop_1273,0
307,Victoria - Xaghra - Victoria,Tempji,Ix-Xaghra,Saturday,06:32,07:30,08:35,09:35,10:35,11:35,12:35,13:35,14:35,15:35,16:35,17:35,18:32,19:30,20:30,21:30,22:30,,,,,,,,,,,,,,,,,,,,,,,,,,,,,,,,,,,,,,,,,,,,,,,,,,,,,,,,,,,,,,GOZO STOP,17,Tempji - Ix-Xaghra - GOZO STOP,14.2666322,36.0473229,Stop_1273,Stop_1257,Stop_1273_to_Stop_1257,0
308,Victoria - Ghasri - Victoria,Repubblika,"Ir-Rabat, Ghawdex",Saturday,05:01,05:56,06:56,07:56,08:56,09:56,10:56,11:56,12:56,13:56,14:56,15:56,16:56,17:56,18:56,19:56,20:56,21:56,,,,,,,,,,,,,,,,,,,,,,,,,,,,,,,,,,,,,,,,,,,,,,,,,,,,,,,,,,,,,GOZO STOP,18,"Repubblika - Ir-Rabat, Ghawdex - GOZO STOP",14.2420498,36.0444537,Stop_1274,Stop_1275,Stop_1274_to_Stop_1275,0
308,Victoria - Ghasri - Victoria,Hofra,"Ir-Rabat, Ghawdex",Saturday,05:02,05:57,06:58,07:58,08:58,09:58,10:58,11:58,12:58,13:58,14:58,15:58,16:58,17:58,18:57,19:57,20:57,21:57,,,,,,,,,,,,,,,,,,,,,,,,,,,,,,,,,,,,,,,,,,,,,,,,,,,,,,,,,,,,,GOZO STOP,18,"Hofra - Ir-Rabat, Ghawdex - GOZO STOP",14.238279,36.0492733,Stop_1276,Stop_1277,Stop_1276_to_Stop_1277,0
308,Victoria - Ghasri - Victoria,Gelmus,"Ir-Rabat, Ghawdex",Saturday,05:02,05:58,06:58,07:58,08:58,09:58,10:58,11:58,12:58,13:58,14:58,15:58,16:58,17:58,18:58,19:58,20:58,21:58,,,,,,,,,,,,,,,,,,,,,,,,,,,,,,,,,,,,,,,,,,,,,,,,,,,,,,,,,,,,,GOZO STOP,18,"Gelmus - Ir-Rabat, Ghawdex - GOZO STOP",14.237223,36.0497014,Stop_1277,Stop_1278,Stop_1277_to_Stop_1278,0
308,Victoria - Ghasri - Victoria,Imghallen,"Ir-Rabat, Ghawdex",Saturday,05:03,05:58,06:59,07:59,08:59,09:59,10:59,11:59,12:59,13:59,14:59,15:59,16:59,17:59,18:59,19:58,20:58,21:58,,,,,,,,,,,,,,,,,,,,,,,,,,,,,,,,,,,,,,,,,,,,,,,,,,,,,,,,,,,,,GOZO STOP,18,"Imghallen - Ir-Rabat, Ghawdex - GOZO STOP",14.2373,36.0471754,Stop_1278,Stop_1279,Stop_1278_to_Stop_1279,0
308,Victoria - Ghasri - Victoria,Ursula,"Ir-Rabat, Ghawdex",Saturday,05:03,05:59,06:59,08:00,09:00,10:00,11:00,11:59,12:59,13:59,14:59,15:59,16:59,17:59,18:59,19:59,20:59,21:59,,,,,,,,,,,,,,,,,,,,,,,,,,,,,,,,,,,,,,,,,,,,,,,,,,,,,,,,,,,,,GOZO STOP,18,"Ursula - Ir-Rabat, Ghawdex - GOZO STOP",14.2367283,36.0454498,Stop_1279,Stop_1280,Stop_1279_to_Stop_1280,0
308,Victoria - Ghasri - Victoria,Papa,"Ir-Rabat, Ghawdex",Saturday,05:04,05:59,07:00,08:00,09:00,10:00,11:00,12:00,13:00,14:00,15:00,16:00,17:00,18:00,18:59,19:59,20:59,21:59,,,,,,,,,,,,,,,,,,,,,,,,,,,,,,,,,,,,,,,,,,,,,,,,,,,,,,,,,,,,,GOZO STOP,18,"Papa - Ir-Rabat, Ghawdex - GOZO STOP",14.234817,36.045645,Stop_1280,Stop_1281,Stop_1280_to_Stop_1281,0
308,Victoria - Ghasri - Victoria,Gwanni,"Ir-Rabat, Ghawdex",Saturday,05:05,06:00,07:01,08:02,09:02,10:02,11:02,12:01,13:01,14:01,15:01,16:01,17:01,18:01,19:01,20:00,21:00,22:00,,,,,,,,,,,,,,,,,,,,,,,,,,,,,,,,,,,,,,,,,,,,,,,,,,,,,,,,,,,,,GOZO STOP,18,"Gwanni - Ir-Rabat, Ghawdex - GOZO STOP",14.2299439,36.0483436,Stop_1281,Stop_1282,Stop_1281_to_Stop_1282,0
308,Victoria - Ghasri - Victoria,Wilderness,San Niklaw,Saturday,05:06,06:02,07:03,08:04,09:04,10:04,11:04,12:03,13:03,14:03,15:03,16:03,17:03,18:03,19:02,20:02,21:02,22:02,,,,,,,,,,,,,,,,,,,,,,,,,,,,,,,,,,,,,,,,,,,,,,,,,,,,,,,,,,,,,GOZO STOP,18,Wilderness - San Niklaw - GOZO STOP,14.2195497,36.0536407,Stop_1282,Stop_1283,Stop_1282_to_Stop_1283,0
308,Victoria - Ghasri - Victoria,Karmni,Ta' Ghammar,Saturday,05:08,06:03,07:05,08:05,09:05,10:05,11:05,12:05,13:04,14:04,15:04,16:04,17:04,18:04,19:04,20:03,21:03,22:03,,,,,,,,,,,,,,,,,,,,,,,,,,,,,,,,,,,,,,,,,,,,,,,,,,,,,,,,,,,,,GOZO STOP,18,Karmni - Ta' Ghammar - GOZO STOP,14.2174666,36.0554892,Stop_1283,Stop_1284,Stop_1283_to_Stop_1284,0
308,Victoria - Ghasri - Victoria,Pinu,Ta' Ghammar,Saturday,05:09,06:04,07:06,08:07,09:07,10:07,11:07,12:06,13:06,14:06,15:06,16:06,17:06,18:06,19:05,20:04,21:04,22:04,,,,,,,,,,,,,,,,,,,,,,,,,,,,,,,,,,,,,,,,,,,,,,,,,,,,,,,,,,,,,GOZO STOP,18,Pinu - Ta' Ghammar - GOZO STOP,14.2158694,36.061149,Stop_1284,Stop_1285,Stop_1284_to_Stop_1285,0
308,Victoria - Ghasri - Victoria,Ghammar,Ta' Ghammar,Saturday,05:10,06:05,07:07,08:08,09:08,10:08,11:08,12:07,13:07,14:07,15:07,16:07,17:07,18:07,19:06,20:05,21:05,22:05,,,,,,,,,,,,,,,,,,,,,,,,,,,,,,,,,,,,,,,,,,,,,,,,,,,,,,,,,,,,,GOZO STOP,18,Ghammar - Ta' Ghammar - GOZO STOP,14.2172925,36.0649358,Stop_1285,Stop_1286,Stop_1285_to_Stop_1286,0
308,Victoria - Ghasri - Victoria,Trejqa,Ta' Ghammar,Saturday,05:10,06:06,07:08,08:09,09:09,10:09,11:09,12:08,13:07,14:07,15:07,16:07,17:07,18:07,19:07,20:06,21:06,22:06,,,,,,,,,,,,,,,,,,,,,,,,,,,,,,,,,,,,,,,,,,,,,,,,,,,,,,,,,,,,,GOZO STOP,18,Trejqa - Ta' Ghammar - GOZO STOP,14.2188433,36.0660014,Stop_1286,Stop_1287,Stop_1286_to_Stop_1287,0
308,Victoria - Ghasri - Victoria,Fanal,Il-Fanal,Saturday,05:11,06:06,07:09,08:10,09:10,10:10,11:10,12:09,13:08,14:08,15:08,16:08,17:08,18:08,19:08,20:06,21:06,22:06,,,,,,,,,,,,,,,,,,,,,,,,,,,,,,,,,,,,,,,,,,,,,,,,,,,,,,,,,,,,,GOZO STOP,18,Fanal - Il-Fanal - GOZO STOP,14.2215443,36.0636012,Stop_1287,Stop_1288,Stop_1287_to_Stop_1288,0
308,Victoria - Ghasri - Victoria,Nazzarenu,L-Ghasri,Saturday,05:12,06:07,07:10,08:11,09:11,10:11,11:11,12:10,13:09,14:09,15:09,16:09,17:09,18:09,19:09,20:07,21:07,22:07,,,,,,,,,,,,,,,,,,,,,,,,,,,,,,,,,,,,,,,,,,,,,,,,,,,,,,,,,,,,,GOZO STOP,18,Nazzarenu - L-Ghasri - GOZO STOP,14.2249167,36.0611011,Stop_1288,Stop_1289,Stop_1288_to_Stop_1289,0
308,Victoria - Ghasri - Victoria,Ghasri,L-Ghasri,Saturday,05:12,06:08,07:11,08:12,09:12,10:12,11:12,12:11,13:10,14:10,15:10,16:10,17:10,18:10,19:09,20:08,21:08,22:08,,,,,,,,,,,,,,,,,,,,,,,,,,,,,,,,,,,,,,,,,,,,,,,,,,,,,,,,,,,,,GOZO STOP,18,Ghasri - L-Ghasri - GOZO STOP,14.2266606,36.0584321,Stop_1289,Stop_1281,Stop_1289_to_Stop_1281,0
308,Victoria - Ghasri - Victoria,Orsla,"Ir-Rabat, Ghawdex",Saturday,05:16,06:12,07:15,08:17,09:17,10:17,11:17,12:15,13:14,14:14,15:14,16:14,17:14,18:14,19:14,20:12,21:12,22:12,,,,,,,,,,,,,,,,,,,,,,,,,,,,,,,,,,,,,,,,,,,,,,,,,,,,,,,,,,,,,GOZO STOP,18,"Orsla - Ir-Rabat, Ghawdex - GOZO STOP",14.2357901,36.0456479,Stop_1290,Stop_1278,Stop_1290_to_Stop_1278,0
309,Victoria - Zebbug - Victoria,Bez,Iz-Zebbug,Saturday,05:06,06:31,07:32,08:32,09:33,10:33,11:33,12:32,13:32,14:32,15:32,16:32,17:32,18:32,19:31,20:31,21:31,22:31,,,,,,,,,,,,,,,,,,,,,,,,,,,,,,,,,,,,,,,,,,,,,,,,,,,,,,,,,,,,,GOZO STOP,18,Bez - Iz-Zebbug - GOZO STOP,14.2371199,36.0611869,Stop_1291,Stop_1292,Stop_1291_to_Stop_1292,0
309,Victoria - Zebbug - Victoria,Gholi,Iz-Zebbug,Saturday,05:07,06:32,07:33,08:33,09:34,10:34,11:34,12:33,13:33,14:33,15:33,16:33,17:33,18:33,19:32,20:32,21:32,22:32,,,,,,,,,,,,,,,,,,,,,,,,,,,,,,,,,,,,,,,,,,,,,,,,,,,,,,,,,,,,,GOZO STOP,18,Gholi - Iz-Zebbug - GOZO STOP,14.2361123,36.064385,Stop_1292,Stop_1293,Stop_1292_to_Stop_1293,0
309,Victoria - Zebbug - Victoria,Abram,Iz-Zebbug,Saturday,05:08,06:33,07:34,08:34,09:35,10:35,11:35,12:34,13:34,14:34,15:34,16:34,17:34,18:34,19:33,20:33,21:33,22:33,,,,,,,,,,,,,,,,,,,,,,,,,,,,,,,,,,,,,,,,,,,,,,,,,,,,,,,,,,,,,GOZO STOP,18,Abram - Iz-Zebbug - GOZO STOP,14.2348729,36.0677314,Stop_1293,Stop_1294,Stop_1293_to_Stop_1294,0
309,Victoria - Zebbug - Victoria,Zebbug,Iz-Zebbug,Saturday,05:08,06:33,07:34,08:35,09:36,10:36,11:36,12:35,13:34,14:34,15:34,16:34,17:34,18:34,19:34,20:33,21:33,22:33,,,,,,,,,,,,,,,,,,,,,,,,,,,,,,,,,,,,,,,,,,,,,,,,,,,,,,,,,,,,,GOZO STOP,18,Zebbug - Iz-Zebbug - GOZO STOP,14.2355005,36.0691439,Stop_1294,Stop_1295,Stop_1294_to_Stop_1295,0
309,Victoria - Zebbug - Victoria,Ghazziela,Iz-Zebbug,Saturday,05:09,06:34,07:35,08:36,09:37,10:37,11:37,12:36,13:35,14:35,15:35,16:35,17:35,18:35,19:35,20:34,21:34,22:34,,,,,,,,,,,,,,,,,,,,,,,,,,,,,,,,,,,,,,,,,,,,,,,,,,,,,,,,,,,,,GOZO STOP,18,Ghazziela - Iz-Zebbug - GOZO STOP,14.2362106,36.0721966,Stop_1295,Stop_1296,Stop_1295_to_Stop_1296,0
309,Victoria - Zebbug - Victoria,Stivali,Iz-Zebbug,Saturday,05:09,06:35,07:36,08:37,09:37,10:37,11:37,12:37,13:36,14:36,15:36,16:36,17:36,18:36,19:35,20:34,21:34,22:34,,,,,,,,,,,,,,,,,,,,,,,,,,,,,,,,,,,,,,,,,,,,,,,,,,,,,,,,,,,,,GOZO STOP,18,Stivali - Iz-Zebbug - GOZO STOP,14.2373075,36.0734118,Stop_1296,Stop_1297,Stop_1296_to_Stop_1297,0
309,Victoria - Zebbug - Victoria,Mikiel,Iz-Zebbug,Saturday,05:10,06:35,07:36,08:37,09:38,10:38,11:38,12:37,13:36,14:36,15:36,16:36,17:36,18:36,19:36,20:35,21:35,22:35,,,,,,,,,,,,,,,,,,,,,,,,,,,,,,,,,,,,,,,,,,,,,,,,,,,,,,,,,,,,,GOZO STOP,18,Mikiel - Iz-Zebbug - GOZO STOP,14.2384462,36.0742008,Stop_1297,Stop_1298,Stop_1297_to_Stop_1298,0
309,Victoria - Zebbug - Victoria,Onici,Iz-Zebbug,Saturday,05:10,06:36,07:37,08:38,09:38,10:38,11:38,12:38,13:37,14:37,15:37,16:37,17:37,18:37,19:36,20:35,21:35,22:35,,,,,,,,,,,,,,,,,,,,,,,,,,,,,,,,,,,,,,,,,,,,,,,,,,,,,,,,,,,,,GOZO STOP,18,Onici - Iz-Zebbug - GOZO STOP,14.2372432,36.0749542,Stop_1298,Stop_1299,Stop_1298_to_Stop_1299,0
309,Victoria - Zebbug - Victoria,Saghtrija,Iz-Zebbug,Saturday,05:11,06:36,07:37,08:38,09:39,10:39,11:39,12:38,13:37,14:37,15:37,16:37,17:37,18:37,19:37,20:36,21:36,22:36,,,,,,,,,,,,,,,,,,,,,,,,,,,,,,,,,,,,,,,,,,,,,,,,,,,,,,,,,,,,,GOZO STOP,18,Saghtrija - Iz-Zebbug - GOZO STOP,14.2382947,36.0765183,Stop_1299,Stop_1300,Stop_1299_to_Stop_1300,0
309,Victoria - Zebbug - Victoria,Mhelhel,Iz-Zebbug,Saturday,05:11,06:37,07:38,08:39,09:40,10:40,11:40,12:39,13:38,14:38,15:38,16:38,17:38,18:38,19:37,20:36,21:36,22:36,,,,,,,,,,,,,,,,,,,,,,,,,,,,,,,,,,,,,,,,,,,,,,,,,,,,,,,,,,,,,GOZO STOP,18,Mhelhel - Iz-Zebbug - GOZO STOP,14.2394936,36.0755189,Stop_1300,Stop_1301,Stop_1300_to_Stop_1301,0
309,Victoria - Zebbug - Victoria,Sajku,Iz-Zebbug,Saturday,05:12,06:38,07:39,08:40,09:41,10:41,11:41,12:40,13:39,14:39,15:39,16:39,17:39,18:39,19:38,20:37,21:37,22:37,,,,,,,,,,,,,,,,,,,,,,,,,,,,,,,,,,,,,,,,,,,,,,,,,,,,,,,,,,,,,GOZO STOP,18,Sajku - Iz-Zebbug - GOZO STOP,14.2370662,36.0718248,Stop_1301,Stop_1294,Stop_1301_to_Stop_1294,0
310,Victoria - Marsalforn - Victoria,Gir,"Ir-Rabat, Ghawdex",Saturday,05:32,06:17,07:03,07:33,08:03,08:33,09:03,09:33,10:03,10:33,11:03,11:33,12:03,12:33,13:03,13:33,14:03,14:33,15:03,15:33,16:03,16:33,17:03,17:33,18:03,18:33,19:02,19:32,20:02,20:32,21:02,21:32,22:02,22:32,,,,,,,,,,,,,,,,,,,,,,,,,,,,,,,,,,,,,,,,,,,,,GOZO STOP,34,"Gir - Ir-Rabat, Ghawdex - GOZO STOP",14.2446307,36.047337,Stop_1303,Stop_1304,Stop_1303_to_Stop_1304,0
310,Victoria - Marsalforn - Victoria,Grazzja,Tal-Ghattuq,Saturday,05:33,06:18,07:03,07:33,08:03,08:33,09:03,09:33,10:03,10:33,11:03,11:33,12:03,12:33,13:03,13:33,14:03,14:33,15:03,15:33,16:03,16:33,17:03,17:33,18:03,18:33,19:03,19:33,20:03,20:33,21:03,21:33,22:02,22:32,,,,,,,,,,,,,,,,,,,,,,,,,,,,,,,,,,,,,,,,,,,,,GOZO STOP,34,Grazzja - Tal-Ghattuq - GOZO STOP,14.246359,36.049787,Stop_1304,Stop_1305,Stop_1304_to_Stop_1305,0
310,Victoria - Marsalforn - Victoria,Xambekk,"Ir-Rabat, Ghawdex",Saturday,05:33,06:19,07:04,07:34,08:04,08:34,09:04,09:34,10:04,10:34,11:04,11:34,12:04,12:34,13:04,13:34,14:04,14:34,15:04,15:34,16:04,16:34,17:04,17:34,18:04,18:34,19:04,19:34,20:04,20:34,21:04,21:33,22:03,22:33,,,,,,,,,,,,,,,,,,,,,,,,,,,,,,,,,,,,,,,,,,,,,GOZO STOP,34,"Xambekk - Ir-Rabat, Ghawdex - GOZO STOP",14.2487794,36.0533341,Stop_1305,Stop_1306,Stop_1305_to_Stop_1306,0
310,Victoria - Marsalforn - Victoria,Harrax,Il-Harrax,Saturday,05:35,06:20,07:06,07:36,08:06,08:36,09:06,09:36,10:06,10:36,11:06,11:36,12:06,12:36,13:06,13:36,14:06,14:36,15:06,15:36,16:06,16:36,17:06,17:36,18:06,18:36,19:05,19:35,20:05,20:35,21:05,21:35,22:04,22:34,,,,,,,,,,,,,,,,,,,,,,,,,,,,,,,,,,,,,,,,,,,,,GOZO STOP,34,Harrax - Il-Harrax - GOZO STOP,14.2509393,36.057037,Stop_1306,Stop_1307,Stop_1306_to_Stop_1307,0
310,Victoria - Marsalforn - Victoria,Kittina,L-Ghezien,Saturday,05:36,06:22,07:08,07:38,08:08,08:38,09:08,09:38,10:08,10:38,11:08,11:38,12:08,12:38,13:08,13:38,14:08,14:38,15:08,15:38,16:08,16:38,17:08,17:38,18:08,18:38,19:07,19:37,20:07,20:37,21:07,21:36,22:06,22:36,,,,,,,,,,,,,,,,,,,,,,,,,,,,,,,,,,,,,,,,,,,,,GOZO STOP,34,Kittina - L-Ghezien - GOZO STOP,14.255575,36.0615601,Stop_1307,Stop_1308,Stop_1307_to_Stop_1308,0
310,Victoria - Marsalforn - Victoria,Gharajjex,Marsalforn,Saturday,05:38,06:25,07:11,07:41,08:11,08:41,09:11,09:41,10:11,10:41,11:11,11:41,12:11,12:41,13:11,13:41,14:11,14:41,15:11,15:41,16:11,16:41,17:11,17:41,18:11,18:41,19:10,19:39,20:09,20:39,21:09,21:38,22:08,22:38,,,,,,,,,,,,,,,,,,,,,,,,,,,,,,,,,,,,,,,,,,,,,GOZO STOP,34,Gharajjex - Marsalforn - GOZO STOP,14.2594487,36.0684604,Stop_1308,Stop_1309,Stop_1308_to_Stop_1309,0
310,Victoria - Marsalforn - Victoria,Ulisse,Marsalforn,Saturday,05:39,06:25,07:12,07:42,08:12,08:42,09:12,09:42,10:12,10:42,11:12,11:42,12:12,12:42,13:12,13:42,14:12,14:42,15:12,15:42,16:12,16:42,17:12,17:42,18:12,18:42,19:10,19:40,20:10,20:40,21:10,21:39,22:08,22:38,,,,,,,,,,,,,,,,,,,,,,,,,,,,,,,,,,,,,,,,,,,,,GOZO STOP,34,Ulisse - Marsalforn - GOZO STOP,14.2582024,36.0705215,Stop_1309,Stop_1310,Stop_1309_to_Stop_1310,0
310,Victoria - Marsalforn - Victoria,Magro,Marsalforn,Saturday,05:40,06:26,07:12,07:42,08:12,08:42,09:12,09:42,10:12,10:42,11:12,11:42,12:12,12:42,13:12,13:42,14:12,14:42,15:12,15:42,16:12,16:42,17:12,17:42,18:12,18:42,19:11,19:40,20:10,20:40,21:10,21:40,22:09,22:39,,,,,,,,,,,,,,,,,,,,,,,,,,,,,,,,,,,,,,,,,,,,,GOZO STOP,34,Magro - Marsalforn - GOZO STOP,14.2579123,36.0720101,Stop_1310,Stop_1311,Stop_1310_to_Stop_1311,0
310,Victoria - Marsalforn - Victoria,Ponta,Marsalforn,Saturday,05:41,06:27,07:13,07:43,08:13,08:43,09:13,09:43,10:13,10:43,11:13,11:43,12:13,12:43,13:13,13:43,14:13,14:43,15:13,15:43,16:13,16:43,17:13,17:43,18:13,18:43,19:12,19:41,20:11,20:41,21:11,21:41,22:10,22:40,,,,,,,,,,,,,,,,,,,,,,,,,,,,,,,,,,,,,,,,,,,,,GOZO STOP,34,Ponta - Marsalforn - GOZO STOP,14.25762,36.0752003,Stop_1311,Stop_1312,Stop_1311_to_Stop_1312,0
310,Victoria - Marsalforn - Victoria,Qbajjar,Marsalforn,Saturday,05:41,06:27,07:14,07:44,08:14,08:44,09:14,09:44,10:14,10:44,11:14,11:44,12:14,12:44,13:14,13:44,14:14,14:44,15:14,15:44,16:14,16:44,17:14,17:44,18:14,18:44,19:12,19:41,20:11,20:41,21:11,21:41,22:10,22:40,,,,,,,,,,,,,,,,,,,,,,,,,,,,,,,,,,,,,,,,,,,,,GOZO STOP,34,Qbajjar - Marsalforn - GOZO STOP,14.2559951,36.0761615,Stop_1312,Stop_1313,Stop_1312_to_Stop_1313,0
310,Victoria - Marsalforn - Victoria,Xwejni,Marsalforn,Saturday,05:42,06:28,07:15,07:45,08:15,08:45,09:15,09:45,10:15,10:45,11:15,11:45,12:15,12:45,13:15,13:45,14:15,14:45,15:15,15:45,16:15,16:45,17:15,17:45,18:15,18:45,19:13,19:42,20:12,20:42,21:12,21:42,22:11,22:41,,,,,,,,,,,,,,,,,,,,,,,,,,,,,,,,,,,,,,,,,,,,,GOZO STOP,34,Xwejni - Marsalforn - GOZO STOP,14.252446,36.0761324,Stop_1313,Stop_1314,Stop_1313_to_Stop_1314,0
310,Victoria - Marsalforn - Victoria,Barda,Marsalforn,Saturday,05:43,06:30,07:17,07:47,08:17,08:47,09:17,09:47,10:17,10:47,11:17,11:47,12:17,12:47,13:17,13:47,14:17,14:47,15:17,15:47,16:17,16:47,17:17,17:47,18:17,18:47,19:15,19:44,20:14,20:44,21:14,21:43,22:12,22:42,,,,,,,,,,,,,,,,,,,,,,,,,,,,,,,,,,,,,,,,,,,,,GOZO STOP,34,Barda - Marsalforn - GOZO STOP,14.2545609,36.0710183,Stop_1314,Stop_1315,Stop_1314_to_Stop_1315,0
310,Victoria - Marsalforn - Victoria,Galea,Marsalforn,Saturday,05:44,06:30,07:17,07:47,08:17,08:47,09:17,09:47,10:17,10:47,11:17,11:47,12:17,12:47,13:17,13:47,14:17,14:47,15:17,15:47,16:17,16:47,17:17,17:47,18:17,18:47,19:15,19:44,20:14,20:44,21:14,21:44,22:13,22:43,,,,,,,,,,,,,,,,,,,,,,,,,,,,,,,,,,,,,,,,,,,,,GOZO STOP,34,Galea - Marsalforn - GOZO STOP,14.2566758,36.0709915,Stop_1315,Stop_1316,Stop_1315_to_Stop_1316,0
310,Victoria - Marsalforn - Victoria,Gharajjek,Marsalforn,Saturday,05:45,06:32,07:19,07:49,08:19,08:49,09:19,09:49,10:19,10:49,11:19,11:49,12:19,12:49,13:19,13:49,14:19,14:49,15:19,15:49,16:19,16:49,17:19,17:49,18:19,18:49,19:17,19:46,20:16,20:46,21:16,21:45,22:14,22:44,,,,,,,,,,,,,,,,,,,,,,,,,,,,,,,,,,,,,,,,,,,,,GOZO STOP,34,Gharajjek - Marsalforn - GOZO STOP,14.2594708,36.068438,Stop_1316,Stop_1307,Stop_1316_to_Stop_1307,0
311,Victoria - Dwejra,Ixtabi,L-Gharb,Saturday,07:30,08:30,09:30,10:30,11:30,12:15,12:59,13:44,14:29,15:14,15:59,16:44,17:29,18:14,19:14,20:14,21:14,22:14,,,,,,,,,,,,,,,,,,,,,,,,,,,,,,,,,,,,,,,,,,,,,,,,,,,,,,,,,,,,,GOZO STOP,18,Ixtabi - L-Gharb - GOZO STOP,14.2176256,36.0544943,Stop_1317,Stop_1318,Stop_1317_to_Stop_1318,0
311,Victoria - Dwejra,Frenc,Il-Wilga,Saturday,07:31,08:31,09:31,10:31,11:31,12:16,13:00,13:45,14:30,15:15,16:00,16:45,17:30,18:15,19:15,20:15,21:15,22:15,,,,,,,,,,,,,,,,,,,,,,,,,,,,,,,,,,,,,,,,,,,,,,,,,,,,,,,,,,,,,GOZO STOP,18,Frenc - Il-Wilga - GOZO STOP,14.2145196,36.0555329,Stop_1318,Stop_1319,Stop_1318_to_Stop_1319,0
311,Victoria - Dwejra,Fgura,Il-Wilga,Saturday,07:31,08:31,09:31,10:31,11:31,12:16,13:00,13:45,14:30,15:15,16:00,16:45,17:30,18:15,19:15,20:15,21:15,22:15,,,,,,,,,,,,,,,,,,,,,,,,,,,,,,,,,,,,,,,,,,,,,,,,,,,,,,,,,,,,,GOZO STOP,18,Fgura - Il-Wilga - GOZO STOP,14.2132495,36.055933,Stop_1319,Stop_1320,Stop_1319_to_Stop_1320,0
311,Victoria - Dwejra,Dbiegi,Il-Wilga,Saturday,07:32,08:32,09:32,10:32,11:32,12:17,13:01,13:46,14:31,15:16,16:01,16:46,17:31,18:16,19:16,20:16,21:16,22:16,,,,,,,,,,,,,,,,,,,,,,,,,,,,,,,,,,,,,,,,,,,,,,,,,,,,,,,,,,,,,GOZO STOP,18,Dbiegi - Il-Wilga - GOZO STOP,14.209532,36.055148,Stop_1320,Stop_1321,Stop_1320_to_Stop_1321,0
311,Victoria - Dwejra,Pawluzzu,San Lawrenz,Saturday,07:32,08:32,09:32,10:32,11:32,12:17,13:02,13:47,14:32,15:17,16:02,16:47,17:32,18:17,19:17,20:17,21:17,22:17,,,,,,,,,,,,,,,,,,,,,,,,,,,,,,,,,,,,,,,,,,,,,,,,,,,,,,,,,,,,,GOZO STOP,18,Pawluzzu - San Lawrenz - GOZO STOP,14.2070644,36.055199,Stop_1321,Stop_1322,Stop_1321_to_Stop_1322,0
311,Victoria - Dwejra,General,San Lawrenz,Saturday,07:33,08:33,09:33,10:33,11:33,12:18,13:02,13:47,14:32,15:17,16:02,16:47,17:32,18:17,19:17,20:17,21:17,22:17,,,,,,,,,,,,,,,,,,,,,,,,,,,,,,,,,,,,,,,,,,,,,,,,,,,,,,,,,,,,,GOZO STOP,18,General - San Lawrenz - GOZO STOP,14.2033401,36.0545398,Stop_1322,Stop_1323,Stop_1322_to_Stop_1323,0
311,Victoria - Dwejra,Gebla,San Lawrenz,Saturday,07:34,08:34,09:34,10:34,11:34,12:19,13:03,13:48,14:33,15:18,16:03,16:48,17:33,18:18,19:18,20:18,21:18,22:18,,,,,,,,,,,,,,,,,,,,,,,,,,,,,,,,,,,,,,,,,,,,,,,,,,,,,,,,,,,,,GOZO STOP,18,Gebla - San Lawrenz - GOZO STOP,14.20182,36.0530739,Stop_1323,Stop_1324,Stop_1323_to_Stop_1324,0
311,Victoria - Dwejra,Debba,San Lawrenz,Saturday,07:35,08:35,09:35,10:35,11:35,12:20,13:04,13:49,14:34,15:19,16:04,16:49,17:34,18:19,19:19,20:19,21:19,22:19,,,,,,,,,,,,,,,,,,,,,,,,,,,,,,,,,,,,,,,,,,,,,,,,,,,,,,,,,,,,,GOZO STOP,18,Debba - San Lawrenz - GOZO STOP,14.2004862,36.0510008,Stop_1324,Stop_1325,Stop_1324_to_Stop_1325,0
311,Dwejra - Victoria,Ciangura Lawrenz,San Lawrenz,Saturday,07:42,08:42,09:42,10:42,11:42,12:27,13:12,13:57,14:42,15:27,16:12,16:57,17:42,18:26,19:26,20:26,21:26,22:26,,,,,,,,,,,,,,,,,,,,,,,,,,,,,,,,,,,,,,,,,,,,,,,,,,,,,,,,,,,,,GOZO STOP,18,Ciangura Lawrenz - San Lawrenz - GOZO STOP,14.2033471,36.055285,Stop_1326,Stop_1321,Stop_1326_to_Stop_1321,0
311,Dwejra - Victoria,Punent,L-Gharb,Saturday,07:44,08:44,09:44,10:44,11:44,12:29,13:14,13:59,14:44,15:29,16:14,16:59,17:44,18:28,19:28,20:28,21:28,22:28,,,,,,,,,,,,,,,,,,,,,,,,,,,,,,,,,,,,,,,,,,,,,,,,,,,,,,,,,,,,,GOZO STOP,18,Punent - L-Gharb - GOZO STOP,14.213212,36.0560631,Stop_1327,Stop_1328,Stop_1327_to_Stop_1328,0
311,Dwejra - Victoria,Grima,L-Gharb,Saturday,07:44,08:44,09:44,10:44,11:44,12:29,13:14,13:59,14:44,15:29,16:14,16:59,17:44,18:28,19:28,20:28,21:28,22:28,,,,,,,,,,,,,,,,,,,,,,,,,,,,,,,,,,,,,,,,,,,,,,,,,,,,,,,,,,,,,GOZO STOP,18,Grima - L-Gharb - GOZO STOP,14.2145386,36.055631,Stop_1328,Stop_1282,Stop_1328_to_Stop_1282,0
312,Victoria - Gharb - Victoria,Savina,"Ir-Rabat, Ghawdex",Saturday,05:02,06:04,07:04,08:04,09:04,10:04,11:04,12:04,13:04,14:04,15:04,16:04,17:04,18:04,19:04,20:04,21:04,22:04,23:04,,,,,,,,,,,,,,,,,,,,,,,,,,,,,,,,,,,,,,,,,,,,,,,,,,,,,,,,,,,,GOZO STOP,19,"Savina - Ir-Rabat, Ghawdex - GOZO STOP",14.2380163,36.0451871,Stop_1330,Stop_1279,Stop_1330_to_Stop_1279,0
312,Victoria - Gharb - Victoria,Brajtu,L-Gharb,Saturday,05:08,06:11,07:12,08:13,09:13,10:13,11:13,12:13,13:13,14:13,15:13,16:13,17:13,18:13,19:12,20:11,21:11,22:11,23:11,,,,,,,,,,,,,,,,,,,,,,,,,,,,,,,,,,,,,,,,,,,,,,,,,,,,,,,,,,,,GOZO STOP,19,Brajtu - L-Gharb - GOZO STOP,14.21114,36.0575886,Stop_1331,Stop_1332,Stop_1331_to_Stop_1332,0
312,Victoria - Gharb - Victoria,Lamuta,L-Gharb,Saturday,05:08,06:11,07:13,08:13,09:13,10:13,11:13,12:13,13:13,14:13,15:13,16:13,17:13,18:13,19:12,20:11,21:11,22:11,23:11,,,,,,,,,,,,,,,,,,,,,,,,,,,,,,,,,,,,,,,,,,,,,,,,,,,,,,,,,,,,GOZO STOP,19,Lamuta - L-Gharb - GOZO STOP,14.2105123,36.05838,Stop_1332,Stop_1333,Stop_1332_to_Stop_1333,0
312,Victoria - Gharb - Victoria,Gharb,L-Gharb,Saturday,05:08,06:12,07:13,08:14,09:14,10:14,11:14,12:14,13:14,14:14,15:14,16:14,17:14,18:14,19:13,20:12,21:12,22:12,23:12,,,,,,,,,,,,,,,,,,,,,,,,,,,,,,,,,,,,,,,,,,,,,,,,,,,,,,,,,,,,GOZO STOP,19,Gharb - L-Gharb - GOZO STOP,14.2091805,36.0595652,Stop_1333,Stop_1334,Stop_1333_to_Stop_1334,0
312,Victoria - Gharb - Victoria,Birbura,Birbuba,Saturday,05:09,06:13,07:14,08:15,09:15,10:15,11:15,12:15,13:15,14:15,15:15,16:15,17:15,18:15,19:14,20:13,21:13,22:13,23:13,,,,,,,,,,,,,,,,,,,,,,,,,,,,,,,,,,,,,,,,,,,,,,,,,,,,,,,,,,,,GOZO STOP,19,Birbura - Birbuba - GOZO STOP,14.2049478,36.0620072,Stop_1334,Stop_1335,Stop_1334_to_Stop_1335,0
312,Victoria - Gharb - Victoria,Hongur,Birbuba,Saturday,05:10,06:13,07:15,08:16,09:16,10:16,11:16,12:16,13:16,14:16,15:16,16:16,17:16,18:16,19:15,20:13,21:13,22:13,23:13,,,,,,,,,,,,,,,,,,,,,,,,,,,,,,,,,,,,,,,,,,,,,,,,,,,,,,,,,,,,GOZO STOP,19,Hongur - Birbuba - GOZO STOP,14.2020381,36.062784,Stop_1335,Stop_1336,Stop_1335_to_Stop_1336,0
312,Victoria - Gharb - Victoria,Ballaqqi,Santu Pietru,Saturday,05:11,06:14,07:16,08:17,09:17,10:17,11:17,12:17,13:17,14:17,15:17,16:17,17:17,18:17,19:16,20:14,21:14,22:14,23:14,,,,,,,,,,,,,,,,,,,,,,,,,,,,,,,,,,,,,,,,,,,,,,,,,,,,,,,,,,,,GOZO STOP,19,Ballaqqi - Santu Pietru - GOZO STOP,14.200982,36.0603253,Stop_1336,Stop_1337,Stop_1336_to_Stop_1337,0
312,Victoria - Gharb - Victoria,Rosa,San Lawrenz,Saturday,05:11,06:15,07:17,08:18,09:18,10:18,11:18,12:18,13:18,14:18,15:18,16:18,17:18,18:18,19:17,20:15,21:15,22:15,23:15,,,,,,,,,,,,,,,,,,,,,,,,,,,,,,,,,,,,,,,,,,,,,,,,,,,,,,,,,,,,GOZO STOP,19,Rosa - San Lawrenz - GOZO STOP,14.1980217,36.0593041,Stop_1337,Stop_1338,Stop_1337_to_Stop_1338,0
312,Victoria - Gharb - Victoria,Ghonoq,San Lawrenz,Saturday,05:12,06:16,07:18,08:19,09:19,10:19,11:19,12:19,13:19,14:19,15:19,16:19,17:19,18:19,19:17,20:16,21:16,22:16,23:16,,,,,,,,,,,,,,,,,,,,,,,,,,,,,,,,,,,,,,,,,,,,,,,,,,,,,,,,,,,,GOZO STOP,19,Ghonoq - San Lawrenz - GOZO STOP,14.2005839,36.0578607,Stop_1338,Stop_1339,Stop_1338_to_Stop_1339,0
312,Victoria - Gharb - Victoria,Wileg,San Lawrenz,Saturday,05:13,06:16,07:19,08:20,09:20,10:20,11:20,12:20,13:20,14:20,15:20,16:20,17:20,18:20,19:18,20:16,21:16,22:16,23:16,,,,,,,,,,,,,,,,,,,,,,,,,,,,,,,,,,,,,,,,,,,,,,,,,,,,,,,,,,,,GOZO STOP,19,Wileg - San Lawrenz - GOZO STOP,14.2019668,36.0564242,Stop_1339,Stop_1340,Stop_1339_to_Stop_1340,0
312,Victoria - Gharb - Victoria,Lawrenz,San Lawrenz,Saturday,05:13,06:17,07:19,08:20,09:20,10:20,11:20,12:20,13:20,14:20,15:20,16:20,17:20,18:20,19:18,20:17,21:17,22:17,23:17,,,,,,,,,,,,,,,,,,,,,,,,,,,,,,,,,,,,,,,,,,,,,,,,,,,,,,,,,,,,GOZO STOP,19,Lawrenz - San Lawrenz - GOZO STOP,14.2042628,36.055302,Stop_1340,Stop_1321,Stop_1340_to_Stop_1321,0
313,Victoria - TaKercem - Victoria,Hawt,"Ir-Rabat, Ghawdex",Saturday,05:06,05:43,06:44,07:38,08:45,09:45,10:46,11:45,12:44,13:44,14:44,15:44,16:44,17:44,18:43,19:43,20:43,21:43,,,,,,,,,,,,,,,,,,,,,,,,,,,,,,,,,,,,,,,,,,,,,,,,,,,,,,,,,,,,,GOZO STOP,18,"Hawt - Ir-Rabat, Ghawdex - GOZO STOP",14.2355283,36.0445133,Stop_1342,Stop_1343,Stop_1342_to_Stop_1343,0
313,Victoria - TaKercem - Victoria,Xkura,"Ir-Rabat, Ghawdex",Saturday,05:06,05:44,06:45,07:38,08:45,09:45,10:46,11:46,12:44,13:44,14:44,15:44,16:44,17:44,18:44,19:43,20:43,21:43,,,,,,,,,,,,,,,,,,,,,,,,,,,,,,,,,,,,,,,,,,,,,,,,,,,,,,,,,,,,,GOZO STOP,18,"Xkura - Ir-Rabat, Ghawdex - GOZO STOP",14.2328551,36.0443171,Stop_1343,Stop_1344,Stop_1343_to_Stop_1344,0
313,Victoria - TaKercem - Victoria,Berrini,San Gorg,Saturday,05:09,05:46,06:48,07:41,08:48,09:48,10:50,11:49,12:47,13:47,14:47,15:47,16:47,17:47,18:47,19:46,20:46,21:46,,,,,,,,,,,,,,,,,,,,,,,,,,,,,,,,,,,,,,,,,,,,,,,,,,,,,,,,,,,,,GOZO STOP,18,Berrini - San Gorg - GOZO STOP,14.2224954,36.0453428,Stop_1344,Stop_1345,Stop_1344_to_Stop_1345,0
313,Victoria - TaKercem - Victoria,Sajula,Santa Lucija,Saturday,05:10,05:47,06:49,07:43,08:50,09:50,10:51,11:51,12:48,13:48,14:48,15:48,16:48,17:48,18:48,19:47,20:47,21:47,,,,,,,,,,,,,,,,,,,,,,,,,,,,,,,,,,,,,,,,,,,,,,,,,,,,,,,,,,,,,GOZO STOP,18,Sajula - Santa Lucija - GOZO STOP,14.2192563,36.04474,Stop_1345,Stop_1346,Stop_1345_to_Stop_1346,0
313,Victoria - TaKercem - Victoria,Kixkien,Santa Lucija,Saturday,05:11,05:48,06:51,07:44,08:51,09:51,10:53,11:52,12:50,13:50,14:50,15:50,16:50,17:50,18:49,19:48,20:48,21:48,,,,,,,,,,,,,,,,,,,,,,,,,,,,,,,,,,,,,,,,,,,,,,,,,,,,,,,,,,,,,GOZO STOP,18,Kixkien - Santa Lucija - GOZO STOP,14.2199698,36.0421505,Stop_1346,Stop_1347,Stop_1346_to_Stop_1347,0
313,Victoria - TaKercem - Victoria,Ghadra,Santa Lucija,Saturday,05:11,05:49,06:51,07:45,08:52,09:52,10:53,11:53,12:50,13:50,14:50,15:50,16:50,17:50,18:49,19:48,20:48,21:48,,,,,,,,,,,,,,,,,,,,,,,,,,,,,,,,,,,,,,,,,,,,,,,,,,,,,,,,,,,,,GOZO STOP,18,Ghadra - Santa Lucija - GOZO STOP,14.2208925,36.0414282,Stop_1347,Stop_1348,Stop_1347_to_Stop_1348,0
313,Victoria - TaKercem - Victoria,Kercem,Ta' Kercem,Saturday,05:12,05:49,06:52,07:45,08:52,09:52,10:54,11:54,12:51,13:51,14:51,15:51,16:51,17:51,18:50,19:49,20:49,21:49,,,,,,,,,,,,,,,,,,,,,,,,,,,,,,,,,,,,,,,,,,,,,,,,,,,,,,,,,,,,,GOZO STOP,18,Kercem - Ta' Kercem - GOZO STOP,14.2233897,36.0407789,Stop_1348,Stop_1349,Stop_1348_to_Stop_1349,0
313,Victoria - TaKercem - Victoria,Calleja,Ta' Kercem,Saturday,05:12,05:50,06:52,07:46,08:53,09:53,10:55,11:54,12:51,13:51,14:51,15:51,16:51,17:51,18:51,19:49,20:49,21:49,,,,,,,,,,,,,,,,,,,,,,,,,,,,,,,,,,,,,,,,,,,,,,,,,,,,,,,,,,,,,GOZO STOP,18,Calleja - Ta' Kercem - GOZO STOP,14.2250566,36.0409923,Stop_1349,Stop_1350,Stop_1349_to_Stop_1350,0
313,Victoria - TaKercem - Victoria,Girgor,Ta' Kercem,Saturday,05:13,05:50,06:53,07:47,08:54,09:54,10:56,11:55,12:52,13:52,14:52,15:52,16:52,17:52,18:51,19:50,20:50,21:50,,,,,,,,,,,,,,,,,,,,,,,,,,,,,,,,,,,,,,,,,,,,,,,,,,,,,,,,,,,,,GOZO STOP,18,Girgor - Ta' Kercem - GOZO STOP,14.2270026,36.0415475,Stop_1350,Stop_1351,Stop_1350_to_Stop_1351,0
313,Victoria - TaKercem - Victoria,Pietru,Ta' Kercem,Saturday,05:13,05:51,06:54,07:48,08:55,09:55,10:57,11:56,12:52,13:52,14:52,15:52,16:52,17:52,18:52,19:50,20:50,21:50,,,,,,,,,,,,,,,,,,,,,,,,,,,,,,,,,,,,,,,,,,,,,,,,,,,,,,,,,,,,,GOZO STOP,18,Pietru - Ta' Kercem - GOZO STOP,14.2287668,36.0406784,Stop_1351,Stop_1352,Stop_1351_to_Stop_1352,0
313,Victoria - TaKercem - Victoria,Gnien,Ta' Kercem,Saturday,05:14,05:52,06:54,07:48,08:55,09:55,10:57,11:57,12:53,13:53,14:53,15:53,16:53,17:53,18:52,19:51,20:51,21:51,,,,,,,,,,,,,,,,,,,,,,,,,,,,,,,,,,,,,,,,,,,,,,,,,,,,,,,,,,,,,GOZO STOP,18,Gnien - Ta' Kercem - GOZO STOP,14.2298444,36.0420854,Stop_1352,Stop_1353,Stop_1352_to_Stop_1353,0
313,Victoria - TaKercem - Victoria,Lunzjata,Ta' Kercem,Saturday,05:15,05:52,06:55,07:49,08:56,09:56,10:58,11:58,12:54,13:54,14:54,15:54,16:54,17:54,18:53,19:52,20:52,21:52,,,,,,,,,,,,,,,,,,,,,,,,,,,,,,,,,,,,,,,,,,,,,,,,,,,,,,,,,,,,,GOZO STOP,18,Lunzjata - Ta' Kercem - GOZO STOP,14.231852,36.043237,Stop_1353,Stop_1342,Stop_1353_to_Stop_1342,0
322,Marsalforn - Vapur,Masri,Il-Pergla,Saturday,05:04,06:44,08:14,09:44,11:14,11:59,12:44,13:29,14:14,14:59,15:44,16:29,17:14,17:59,18:44,19:29,20:13,20:58,22:18,,,,,,,,,,,,,,,,,,,,,,,,,,,,,,,,,,,,,,,,,,,,,,,,,,,,,,,,,,,,GOZO STOP,19,Masri - Il-Pergla - GOZO STOP,14.2653565,36.0644329,Stop_1355,Stop_1356,Stop_1355_to_Stop_1356,0
322,Marsalforn - Vapur,Pergla,Il-Pergla,Saturday,05:05,06:45,08:15,09:45,11:15,12:00,12:45,13:30,14:15,15:00,15:45,16:30,17:15,18:00,18:45,19:30,20:15,21:00,22:20,,,,,,,,,,,,,,,,,,,,,,,,,,,,,,,,,,,,,,,,,,,,,,,,,,,,,,,,,,,,GOZO STOP,19,Pergla - Il-Pergla - GOZO STOP,14.2663246,36.0614622,Stop_1356,Stop_1357,Stop_1356_to_Stop_1357,0
322,Marsalforn - Vapur,Ghonqa,Il-Pergla,Saturday,05:06,06:46,08:16,09:46,11:16,12:01,12:46,13:31,14:16,15:01,15:46,16:31,17:16,18:01,18:46,19:31,20:15,21:00,22:20,,,,,,,,,,,,,,,,,,,,,,,,,,,,,,,,,,,,,,,,,,,,,,,,,,,,,,,,,,,,GOZO STOP,19,Ghonqa - Il-Pergla - GOZO STOP,14.268548,36.0587389,Stop_1357,Stop_1358,Stop_1357_to_Stop_1358,0
322,Marsalforn - Vapur,Eghzien,Il-Pergla,Saturday,05:07,06:47,08:17,09:47,11:17,12:02,12:47,13:32,14:17,15:02,15:47,16:32,17:17,18:02,18:47,19:32,20:16,21:01,22:21,,,,,,,,,,,,,,,,,,,,,,,,,,,,,,,,,,,,,,,,,,,,,,,,,,,,,,,,,,,,GOZO STOP,19,Eghzien - Il-Pergla - GOZO STOP,14.2683138,36.0553579,Stop_1358,Stop_1359,Stop_1358_to_Stop_1359,0
322,Marsalforn - Vapur,Calypso,Ix-Xaghra,Saturday,05:07,06:48,08:18,09:48,11:18,12:03,12:48,13:33,14:18,15:03,15:48,16:33,17:18,18:03,18:48,19:33,20:17,21:02,22:22,,,,,,,,,,,,,,,,,,,,,,,,,,,,,,,,,,,,,,,,,,,,,,,,,,,,,,,,,,,,GOZO STOP,19,Calypso - Ix-Xaghra - GOZO STOP,14.268916,36.0528288,Stop_1359,Stop_1260,Stop_1359_to_Stop_1260,0
322,Marsalforn - Vapur,Vjal,Ix-Xaghra,Saturday,05:09,06:50,08:20,09:50,11:20,12:05,12:50,13:35,14:20,15:05,15:50,16:35,17:20,18:05,18:50,19:35,20:19,21:04,22:24,,,,,,,,,,,,,,,,,,,,,,,,,,,,,,,,,,,,,,,,,,,,,,,,,,,,,,,,,,,,GOZO STOP,19,Vjal - Ix-Xaghra - GOZO STOP,14.2653516,36.0489007,Stop_1360,Stop_1361,Stop_1360_to_Stop_1361,0
322,Marsalforn - Vapur,Bayer,Ix-Xaghra,Saturday,05:11,06:52,08:22,09:52,11:22,12:07,12:51,13:36,14:21,15:06,15:51,16:36,17:21,18:06,18:51,19:36,20:20,21:05,22:25,,,,,,,,,,,,,,,,,,,,,,,,,,,,,,,,,,,,,,,,,,,,,,,,,,,,,,,,,,,,GOZO STOP,19,Bayer - Ix-Xaghra - GOZO STOP,14.268086,36.0493332,Stop_1361,Stop_1262,Stop_1361_to_Stop_1262,0
322,Marsalforn - Vapur,Hozna,Ghajn Hosna,Saturday,05:15,06:57,08:27,09:57,11:27,12:12,12:56,13:41,14:26,15:11,15:56,16:41,17:26,18:11,18:56,19:41,20:24,21:09,22:29,,,,,,,,,,,,,,,,,,,,,,,,,,,,,,,,,,,,,,,,,,,,,,,,,,,,,,,,,,,,GOZO STOP,19,Hozna - Ghajn Hosna - GOZO STOP,14.2775358,36.0504719,Stop_1362,Stop_1178,Stop_1362_to_Stop_1178,0
322,Marsalforn - Vapur,Kuxxina,In-Nadur,Saturday,05:27,07:10,08:40,10:10,11:40,12:25,13:08,13:53,14:38,15:23,16:08,16:53,17:38,18:23,19:08,19:53,20:35,21:20,22:40,,,,,,,,,,,,,,,,,,,,,,,,,,,,,,,,,,,,,,,,,,,,,,,,,,,,,,,,,,,,GOZO STOP,19,Kuxxina - In-Nadur - GOZO STOP,14.2903427,36.0391399,Stop_1363,Stop_1364,Stop_1363_to_Stop_1364,0
322,Marsalforn - Vapur,Madonna,In-Nadur,Saturday,05:28,07:11,08:41,10:11,11:41,12:26,13:09,13:54,14:39,15:24,16:09,16:54,17:39,18:24,19:09,19:54,20:36,21:21,22:41,,,,,,,,,,,,,,,,,,,,,,,,,,,,,,,,,,,,,,,,,,,,,,,,,,,,,,,,,,,,GOZO STOP,19,Madonna - In-Nadur - GOZO STOP,14.2946811,36.0403867,Stop_1364,Stop_1190,Stop_1364_to_Stop_1190,0
322,Marsalforn - Vapur,Gwann,In-Nadur,Saturday,05:29,07:13,08:43,10:13,11:43,12:28,13:11,13:56,14:41,15:26,16:11,16:56,17:41,18:26,19:11,19:56,20:38,21:23,22:43,,,,,,,,,,,,,,,,,,,,,,,,,,,,,,,,,,,,,,,,,,,,,,,,,,,,,,,,,,,,GOZO STOP,19,Gwann - In-Nadur - GOZO STOP,14.2968794,36.0368141,Stop_1365,Stop_1366,Stop_1365_to_Stop_1366,0
322,Marsalforn - Vapur,Kemmuna,In-Nadur,Saturday,05:30,07:13,08:43,10:13,11:43,12:28,13:12,13:57,14:42,15:27,16:12,16:57,17:42,18:27,19:12,19:57,20:38,21:23,22:43,,,,,,,,,,,,,,,,,,,,,,,,,,,,,,,,,,,,,,,,,,,,,,,,,,,,,,,,,,,,GOZO STOP,19,Kemmuna - In-Nadur - GOZO STOP,14.2976972,36.0357022,Stop_1366,Stop_1203,Stop_1366_to_Stop_1203,0
322,Vapur - Marsalforn,Hosna,Ghajn Hosna,Saturday,06:16,07:46,09:16,10:46,11:31,12:16,13:01,13:46,14:31,15:16,16:01,16:46,17:31,18:16,19:01,19:44,20:29,21:14,21:59,23:19,,,,,,,,,,,,,,,,,,,,,,,,,,,,,,,,,,,,,,,,,,,,,,,,,,,,,,,,,,,GOZO STOP,20,Hosna - Ghajn Hosna - GOZO STOP,14.2773224,36.0505921,Stop_1367,Stop_1264,Stop_1367_to_Stop_1264,0
323,Victoria - Vapur,Kraba,Ix-Xewkija,Saturday,05:14,06:16,07:16,08:16,09:16,10:16,11:16,12:16,13:16,14:16,15:16,16:16,17:16,18:16,19:15,20:15,21:15,22:15,,,,,,,,,,,,,,,,,,,,,,,,,,,,,,,,,,,,,,,,,,,,,,,,,,,,,,,,,,,,,GOZO STOP,18,Kraba - Ix-Xewkija - GOZO STOP,14.2529234,36.0326593,Stop_1368,Stop_1369,Stop_1368_to_Stop_1369,0
323,Victoria - Vapur,Dejqa,Ix-Xewkija,Saturday,05:15,06:17,07:17,08:17,09:17,10:17,11:17,12:17,13:17,14:17,15:17,16:17,17:17,18:17,19:16,20:16,21:16,22:16,,,,,,,,,,,,,,,,,,,,,,,,,,,,,,,,,,,,,,,,,,,,,,,,,,,,,,,,,,,,,GOZO STOP,18,Dejqa - Ix-Xewkija - GOZO STOP,14.2555104,36.0309034,Stop_1369,Stop_1370,Stop_1369_to_Stop_1370,0
323,Victoria - Vapur,Kunsill,Ix-Xewkija,Saturday,05:16,06:17,07:17,08:17,09:17,10:17,11:17,12:17,13:17,14:17,15:17,16:17,17:17,18:17,19:16,20:16,21:16,22:16,,,,,,,,,,,,,,,,,,,,,,,,,,,,,,,,,,,,,,,,,,,,,,,,,,,,,,,,,,,,,GOZO STOP,18,Kunsill - Ix-Xewkija - GOZO STOP,14.2567456,36.0300954,Stop_1370,Stop_1371,Stop_1370_to_Stop_1371,0
323,Victoria - Vapur,Zammit,Ix-Xewkija,Saturday,05:16,06:18,07:18,08:18,09:18,10:18,11:18,12:18,13:18,14:18,15:18,16:18,17:18,18:18,19:17,20:17,21:17,22:17,,,,,,,,,,,,,,,,,,,,,,,,,,,,,,,,,,,,,,,,,,,,,,,,,,,,,,,,,,,,,GOZO STOP,18,Zammit - Ix-Xewkija - GOZO STOP,14.2586727,36.0292061,Stop_1371,Stop_1372,Stop_1371_to_Stop_1372,0
323,Victoria - Vapur,Tingi,Ix-Xewkija,Saturday,05:17,06:18,07:18,08:18,09:18,10:18,11:18,12:18,13:18,14:18,15:18,16:18,17:18,18:18,19:17,20:17,21:17,22:17,,,,,,,,,,,,,,,,,,,,,,,,,,,,,,,,,,,,,,,,,,,,,,,,,,,,,,,,,,,,,GOZO STOP,18,Tingi - Ix-Xewkija - GOZO STOP,14.2601922,36.0305188,Stop_1372,Stop_1373,Stop_1372_to_Stop_1373,0
323,Victoria - Vapur,Battista,Ix-Xewkija,Saturday,05:17,06:19,07:19,08:19,09:19,10:19,11:19,12:19,13:19,14:19,15:19,16:19,17:19,18:19,19:18,20:18,21:18,22:18,,,,,,,,,,,,,,,,,,,,,,,,,,,,,,,,,,,,,,,,,,,,,,,,,,,,,,,,,,,,,GOZO STOP,18,Battista - Ix-Xewkija - GOZO STOP,14.2607017,36.0319294,Stop_1373,Stop_1374,Stop_1373_to_Stop_1374,0
323,Victoria - Vapur,Dome,Ix-Xewkija,Saturday,05:18,06:19,07:19,08:19,09:19,10:19,11:19,12:19,13:19,14:19,15:19,16:19,17:19,18:19,19:18,20:18,21:18,22:18,,,,,,,,,,,,,,,,,,,,,,,,,,,,,,,,,,,,,,,,,,,,,,,,,,,,,,,,,,,,,GOZO STOP,18,Dome - Ix-Xewkija - GOZO STOP,14.2612749,36.0321707,Stop_1374,Stop_1375,Stop_1374_to_Stop_1375,0
323,Victoria - Vapur,D Amato,Ix-Xewkija,Saturday,05:18,06:20,07:20,08:20,09:20,10:20,11:20,12:20,13:20,14:20,15:20,16:20,17:20,18:20,19:18,20:18,21:18,22:18,,,,,,,,,,,,,,,,,,,,,,,,,,,,,,,,,,,,,,,,,,,,,,,,,,,,,,,,,,,,,GOZO STOP,18,D Amato - Ix-Xewkija - GOZO STOP,14.2634166,36.0322916,Stop_1375,Stop_1376,Stop_1375_to_Stop_1376,0
323,Victoria - Vapur,Bert,Ix-Xewkija,Saturday,05:19,06:21,07:21,08:21,09:21,10:21,11:21,12:21,13:21,14:21,15:21,16:21,17:21,18:21,19:19,20:19,21:19,22:19,,,,,,,,,,,,,,,,,,,,,,,,,,,,,,,,,,,,,,,,,,,,,,,,,,,,,,,,,,,,,GOZO STOP,18,Bert - Ix-Xewkija - GOZO STOP,14.2667288,36.0324098,Stop_1376,Stop_1147,Stop_1376_to_Stop_1147,0
323,Victoria - Vapur,Kenun,Ghajnsielem,Saturday,05:23,06:25,07:25,08:25,09:25,10:25,11:25,12:25,13:25,14:25,15:25,16:25,17:25,18:25,19:23,20:23,21:23,22:23,,,,,,,,,,,,,,,,,,,,,,,,,,,,,,,,,,,,,,,,,,,,,,,,,,,,,,,,,,,,,GOZO STOP,18,Kenun - Ghajnsielem - GOZO STOP,14.2859012,36.0298546,Stop_1377,Stop_1378,Stop_1377_to_Stop_1378,0
323,Victoria - Vapur,Gharib,Ghajnsielem,Saturday,05:24,06:27,07:27,08:27,09:27,10:27,11:27,12:27,13:27,14:27,15:27,16:27,17:27,18:27,19:24,20:24,21:24,22:24,,,,,,,,,,,,,,,,,,,,,,,,,,,,,,,,,,,,,,,,,,,,,,,,,,,,,,,,,,,,,GOZO STOP,18,Gharib - Ghajnsielem - GOZO STOP,14.2892244,36.0299197,Stop_1378,Stop_1379,Stop_1378_to_Stop_1379,0
323,Victoria - Vapur,Simirat,Ghajnsielem,Saturday,05:24,06:27,07:27,08:27,09:27,10:27,11:27,12:27,13:27,14:27,15:27,16:27,17:27,18:27,19:25,20:25,21:25,22:25,,,,,,,,,,,,,,,,,,,,,,,,,,,,,,,,,,,,,,,,,,,,,,,,,,,,,,,,,,,,,GOZO STOP,18,Simirat - Ghajnsielem - GOZO STOP,14.2898709,36.0287223,Stop_1379,Stop_1208,Stop_1379_to_Stop_1208,0
323,Vapur - Victoria,Benghazi,Ghajnsielem,Saturday,05:33,06:39,07:39,08:39,09:39,10:39,11:39,12:38,13:38,14:38,15:38,16:38,17:38,18:38,19:35,20:35,21:35,22:35,,,,,,,,,,,,,,,,,,,,,,,,,,,,,,,,,,,,,,,,,,,,,,,,,,,,,,,,,,,,,GOZO STOP,18,Benghazi - Ghajnsielem - GOZO STOP,14.2886826,36.0272234,Stop_1380,Stop_1381,Stop_1380_to_Stop_1381,0
323,Vapur - Victoria,Bahhar,Ghajnsielem,Saturday,05:34,06:40,07:40,08:40,09:40,10:40,11:40,12:39,13:39,14:39,15:39,16:39,17:39,18:39,19:36,20:36,21:36,22:36,,,,,,,,,,,,,,,,,,,,,,,,,,,,,,,,,,,,,,,,,,,,,,,,,,,,,,,,,,,,,GOZO STOP,18,Bahhar - Ghajnsielem - GOZO STOP,14.2859435,36.0279741,Stop_1381,Stop_1382,Stop_1381_to_Stop_1382,0
323,Vapur - Victoria,Cief,Ghajnsielem,Saturday,05:35,06:41,07:41,08:41,09:41,10:41,11:41,12:40,13:40,14:40,15:40,16:40,17:40,18:40,19:37,20:37,21:37,22:37,,,,,,,,,,,,,,,,,,,,,,,,,,,,,,,,,,,,,,,,,,,,,,,,,,,,,,,,,,,,,GOZO STOP,18,Cief - Ghajnsielem - GOZO STOP,14.2827603,36.0280672,Stop_1382,Stop_1149,Stop_1382_to_Stop_1149,0
330,Victoria - Xlendi,Giljan,"Il-Fontana, Ghawdex",Saturday,09:32,11:32,13:32,15:32,17:32,,,,,,,,,,,,,,,,,,,,,,,,,,,,,,,,,,,,,,,,,,,,,,,,,,,,,,,,,,,,,,,,,,,,,,,,,,GOZO STOP,5,"Giljan - Il-Fontana, Ghawdex - GOZO STOP",14.2381015,36.0392572,Stop_1383,Stop_1384,Stop_1383_to_Stop_1384,0
330,Victoria - Xlendi,Parrokjali,"Il-Fontana, Ghawdex",Saturday,09:32,11:32,13:32,15:32,17:32,,,,,,,,,,,,,,,,,,,,,,,,,,,,,,,,,,,,,,,,,,,,,,,,,,,,,,,,,,,,,,,,,,,,,,,,,,GOZO STOP,5,"Parrokjali - Il-Fontana, Ghawdex - GOZO STOP",14.2369361,36.0388697,Stop_1384,Stop_1250,Stop_1384_to_Stop_1250,0
